"sample_label","ID","Species","Country","Region","Site","Method","Raw_photo","Latitude","Longitude","Elevation","Date"
"PL22_0002pueboc","PL22_0002","Hypoplectrus puella","Panama","Bocas del Toro","Jardines de la abuela, Solarte A","in situ photography","PL22_0002pueboc-l2.CR2","9.32191","-82.21953","underwater","2022-10-04"
"PL22_0003pueboc","PL22_0003","Hypoplectrus puella","Panama","Bocas del Toro","Jardines de la abuela, Solarte A","in situ photography","PL22_0003pueboc-l15.CR2","9.32191","-82.21953","underwater","2022-10-04"
"PL22_0004pueboc","PL22_0004","Hypoplectrus puella","Panama","Bocas del Toro","Jardines de la abuela, Solarte A","in situ photography","PL22_0004pueboc-l16.CR2","9.32191","-82.21953","underwater","2022-10-04"
"PL22_0006pueboc","PL22_0006","Hypoplectrus puella","Panama","Bocas del Toro","Jardines de la abuela, Solarte A","in situ photography","PL22_0006pueboc-l9.CR2","9.32191","-82.21953","underwater","2022-10-06"
"PL22_0007uniboc","PL22_0007","Hypoplectrus unicolor","Panama","Bocas del Toro","Jardines de la abuela, Solarte A","in situ photography","PL22_0007uniboc-l1.CR2","9.32191","-82.21953","underwater","2022-10-06"
"PL22_0008pueboc","PL22_0008","Hypoplectrus puella","Panama","Bocas del Toro","Jardines de la abuela, Solarte A","in situ photography","PL22_0008pueboc-l11.CR2","9.32191","-82.21953","underwater","2022-10-06"
"PL22_0009pueboc","PL22_0009","Hypoplectrus puella","Panama","Bocas del Toro","Jardines de la abuela, Solarte A","in situ photography","PL22_0009pueboc-l8.CR2","9.32191","-82.21953","underwater","2022-10-06"
"PL22_0010pueboc","PL22_0010","Hypoplectrus puella","Panama","Bocas del Toro","Jardines de la abuela, Solarte A","in situ photography","PL22_0010pueboc-l11.CR2","9.32191","-82.21953","underwater","2022-10-06"
"PL22_0011pueboc","PL22_0011","Hypoplectrus puella","Panama","Bocas del Toro","Jardines de la abuela, Solarte A","in situ photography","PL22_0011pueboc-l2.CR2","9.32191","-82.21953","underwater","2022-10-06"
"PL22_0012pueboc","PL22_0012","Hypoplectrus puella","Panama","Bocas del Toro","Jardines de la abuela, Solarte A","in situ photography","PL22_0012pueboc-l2.CR2","9.32191","-82.21953","underwater","2022-10-06"
"PL22_0013pueboc","PL22_0013","Hypoplectrus puella","Panama","Bocas del Toro","Jardines de la abuela, Solarte A","in situ photography","PL22_0013pueboc-l8.CR2","9.32191","-82.21953","underwater","2022-10-06"
"PL22_0014pueboc","PL22_0014","Hypoplectrus puella","Panama","Bocas del Toro","Jardines de la abuela, Solarte A","in situ photography","PL22_0014pueboc-l11.CR2","9.32191","-82.21953","underwater","2022-10-06"
"PL22_0015pueboc","PL22_0015","Hypoplectrus puella","Panama","Bocas del Toro","Jardines de la abuela, Solarte A","in situ photography","PL22_0015pueboc-l5.CR2","9.32191","-82.21953","underwater","2022-10-06"
"PL22_0016uniboc","PL22_0016","Hypoplectrus unicolor","Panama","Bocas del Toro","Jardines de la abuela, Solarte A","in situ photography","PL22_0016uniboc-l13.CR2","9.32191","-82.21953","underwater","2022-10-06"
"PL22_0017pueboc","PL22_0017","Hypoplectrus puella","Panama","Bocas del Toro","Jardines de la abuela, Solarte A","in situ photography","PL22_0017pueboc-l11.CR2","9.32191","-82.21953","underwater","2022-10-07"
"PL22_0018pueboc","PL22_0018","Hypoplectrus puella","Panama","Bocas del Toro","Jardines de la abuela, Solarte A","in situ photography","PL22_0018pueboc-l9.CR2","9.32191","-82.21953","underwater","2022-10-07"
"PL22_0019pueboc","PL22_0019","Hypoplectrus puella","Panama","Bocas del Toro","Jardines de la abuela, Solarte A","in situ photography","PL22_0019pueboc-l3.CR2","9.32191","-82.21953","underwater","2022-10-07"
"PL22_0020pueboc","PL22_0020","Hypoplectrus puella","Panama","Bocas del Toro","Jardines de la abuela, Solarte A","in situ photography","PL22_0020pueboc-l1.CR2","9.32191","-82.21953","underwater","2022-10-07"
"PL22_0021pueboc","PL22_0021","Hypoplectrus puella","Panama","Bocas del Toro","Jardines de la abuela, Solarte A","in situ photography","PL22_0021pueboc-l3.CR2","9.32191","-82.21953","underwater","2022-10-07"
"PL22_0022pueboc","PL22_0022","Hypoplectrus puella","Panama","Bocas del Toro","Jardines de la abuela, Solarte A","in situ photography","PL22_0022pueboc-l9.CR2","9.32191","-82.21953","underwater","2022-10-07"
"PL22_0023uniboc","PL22_0023","Hypoplectrus unicolor","Panama","Bocas del Toro","Jardines de la abuela, Solarte A","in situ photography","PL22_0023uniboc-l12.CR2","9.32191","-82.21953","underwater","2022-10-07"
"PL22_0024nigboc","PL22_0024","Hypoplectrus nigricans ","Panama","Bocas del Toro","Behind Blue Coconut, Solarte B","in situ photography","PL22_0024nigboc-l15.CR2","9.334167","-82.29222","underwater","2022-10-07"
"PL22_0025nigboc","PL22_0025","Hypoplectrus nigricans ","Panama","Bocas del Toro","Jardines de la abuela, Solarte A","in situ photography","PL22_0025nigboc-l11.CR2","9.32191","-82.21953","underwater","2022-10-14"
"PL22_0026nigboc","PL22_0026","Hypoplectrus nigricans ","Panama","Bocas del Toro","Jardines de la abuela, Solarte A","in situ photography","PL22_0026nigboc-l1.CR2","9.32191","-82.21953","underwater","2022-10-14"
"PL22_0027uniboc","PL22_0027","Hypoplectrus unicolor","Panama","Bocas del Toro","Jardines de la abuela, Solarte A","in situ photography","PL22_0027uniboc-l6.CR2","9.32191","-82.21953","underwater","2022-10-14"
"PL22_0028nigboc","PL22_0028","Hypoplectrus nigricans ","Panama","Bocas del Toro","Jardines de la abuela, Solarte A","in situ photography","PL22_0028nigboc-l5.CR2","9.32191","-82.21953","underwater","2022-10-14"
"PL22_0029abeboc","PL22_0029","Hypoplectrus aberrans","Panama","Bocas del Toro","Jardines de la abuela, Solarte A","in situ photography","PL22_0029abeboc-l3.CR2","9.32191","-82.21953","underwater","2022-10-14"
"PL22_0030nigboc","PL22_0030","Hypoplectrus nigricans ","Panama","Bocas del Toro","Jardines de la abuela, Solarte A","in situ photography","PL22_0030nigboc-l2.CR2","9.32191","-82.21953","underwater","2022-10-14"
"PL22_0031nigboc","PL22_0031","Hypoplectrus nigricans ","Panama","Bocas del Toro","White Buoy, Lagoon B","in situ photography","PL22_0031nigboc-l3.CR2","9.393889","-82.29667","underwater","2022-10-18"
"PL22_0032nigboc","PL22_0032","Hypoplectrus nigricans ","Panama","Bocas del Toro","White Buoy, Lagoon B","in situ photography","PL22_0032nigboc-l4.CR2","9.393889","-82.29667","underwater","2022-10-18"
"PL22_0033nigboc","PL22_0033","Hypoplectrus nigricans ","Panama","Bocas del Toro","White Buoy, Lagoon B","in situ photography","PL22_0033nigboc-l1.CR2","9.393889","-82.29667","underwater","2022-10-18"
"PL22_0034uniboc","PL22_0034","Hypoplectrus unicolor","Panama","Bocas del Toro","White Buoy, Lagoon B","in situ photography","PL22_0034uniboc-l4.CR2","9.393889","-82.29667","underwater","2022-10-18"
"PL22_0035pueboc","PL22_0035","Hypoplectrus puella","Panama","Bocas del Toro","White Buoy, Lagoon B","in situ photography","PL22_0035pueboc-l1.CR2","9.393889","-82.29667","underwater","2022-10-18"
"PL22_0036uniboc","PL22_0036","Hypoplectrus unicolor","Panama","Bocas del Toro","White Buoy, Lagoon B","in situ photography","PL22_0036uniboc-l3.CR2","9.393889","-82.29667","underwater","2022-10-18"
"PL22_0037pueboc","PL22_0037","Hypoplectrus puella","Panama","Bocas del Toro","Lagoon A","in situ photography","PL22_0037pueboc-l7.CR2","9.466389","-82.44778","underwater","2022-10-18"
"PL22_0038pueboc","PL22_0038","Hypoplectrus puella","Panama","Bocas del Toro","Lagoon A","in situ photography","PL22_0038pueboc-l7.CR2","9.466389","-82.44778","underwater","2022-10-18"
"PL22_0039pueboc","PL22_0039","Hypoplectrus puella","Panama","Bocas del Toro","Lagoon A","in situ photography","PL22_0039pueboc-l6.CR2","9.466389","-82.44778","underwater","2022-10-18"
"PL22_0040uniboc","PL22_0040","Hypoplectrus unicolor","Panama","Bocas del Toro","Lagoon A","in situ photography","PL22_0040uniboc-l5.CR2","9.466389","-82.44778","underwater","2022-10-18"
"PL22_0041uniboc","PL22_0041","Hypoplectrus unicolor","Panama","Bocas del Toro","Lagoon A","in situ photography","PL22_0041uniboc-l4.CR2","9.466389","-82.44778","underwater","2022-10-18"
"PL22_0042nigboc","PL22_0042","Hypoplectrus nigricans ","Panama","Bocas del Toro","Lagoon A","in situ photography","PL22_0042nigboc-l9.CR2","9.466389","-82.44778","underwater","2022-10-18"
"PL22_0043nigboc","PL22_0043","Hypoplectrus nigricans ","Panama","Bocas del Toro","Lagoon A","in situ photography","PL22_0043nigboc-l3.CR2","9.466389","-82.44778","underwater","2022-10-18"
"PL22_0044nigboc","PL22_0044","Hypoplectrus nigricans ","Panama","Bocas del Toro","Oscar shitty site 1, Solarte C","in situ photography","PL22_0044nigboc-l4.CR2","9.331944","-82.30778","underwater","2022-10-24"
"PL22_0045uniboc","PL22_0045","Hypoplectrus unicolor","Panama","Bocas del Toro","Oscar shitty site 1, Solarte C","in situ photography","PL22_0045uniboc-l3.CR2","9.331944","-82.30778","underwater","2022-10-24"
"PL22_0046uniboc","PL22_0046","Hypoplectrus unicolor","Panama","Bocas del Toro","Oscar shitty site 1, Solarte C","in situ photography","PL22_0046uniboc-l9.CR2","9.331944","-82.30778","underwater","2022-10-24"
"PL22_0047pueboc","PL22_0047","Hypoplectrus puella","Panama","Bocas del Toro","Behind Blue Coconut, Solarte B","in situ photography","PL22_0047pueboc-l4.CR2","9.334167","-82.29222","underwater","2022-10-24"
"PL22_0048nigboc","PL22_0048","Hypoplectrus nigricans ","Panama","Bocas del Toro","Behind Blue Coconut, Solarte B","in situ photography","PL22_0048nigboc-l6.CR2","9.334167","-82.29222","underwater","2022-10-24"
"PL22_0049nigboc","PL22_0049","Hypoplectrus nigricans ","Panama","Bocas del Toro","Behind Blue Coconut, Solarte B","in situ photography","PL22_0049nigboc-l5.CR2","9.334167","-82.29222","underwater","2022-10-24"
"PL22_0050pueboc","PL22_0050","Hypoplectrus puella","Panama","Bocas del Toro","Behind Blue Coconut, Solarte B","in situ photography","PL22_0050pueboc-l3.CR2","9.334167","-82.29222","underwater","2022-10-24"
"PL22_0051pueboc","PL22_0051","Hypoplectrus puella","Panama","Bocas del Toro","Behind Blue Coconut, Solarte B","in situ photography","PL22_0051pueboc-l1.CR2","9.334167","-82.29222","underwater","2022-10-24"
"PL22_0052nigboc","PL22_0052","Hypoplectrus nigricans ","Panama","Bocas del Toro","Behind Blue Coconut, Solarte B","in situ photography","PL22_0052nigboc-l3.CR2","9.334167","-82.29222","underwater","2022-10-24"
"PL22_0053nigboc","PL22_0053","Hypoplectrus nigricans ","Panama","Bocas del Toro","Behind Blue Coconut, Solarte B","in situ photography","PL22_0053nigboc-l2.CR2","9.334167","-82.29222","underwater","2022-10-24"
"PL22_0054nigboc","PL22_0054","Hypoplectrus nigricans ","Panama","Bocas del Toro","Behind Blue Coconut, Solarte B","in situ photography","PL22_0054nigboc-l5.CR2","9.334167","-82.29222","underwater","2022-10-24"
"PL22_0055pueboc","PL22_0055","Hypoplectrus puella","Panama","Bocas del Toro","Oscar's graveyard","in situ photography","PL22_0055pueboc-l3.CR2","9.3825","-82.41194","underwater","2022-10-25"
"PL22_0056pueboc","PL22_0056","Hypoplectrus puella","Panama","Bocas del Toro","Oscar's graveyard","in situ photography","PL22_0056pueboc-l2.CR2","9.3825","-82.41194","underwater","2022-10-25"
"PL22_0057pueboc","PL22_0057","Hypoplectrus puella","Panama","Bocas del Toro","Oscar's graveyard","in situ photography","PL22_0057pueboc-l11.CR2","9.3825","-82.41194","underwater","2022-10-25"
"PL22_0058nigboc","PL22_0058","Hypoplectrus nigricans ","Panama","Bocas del Toro","Jardines de la abuela, Solarte A","in situ photography","PL22_0058nigboc-l1.CR2","9.32191","-82.21953","underwater","2022-10-25"
"PL22_0059nigboc","PL22_0059","Hypoplectrus nigricans ","Panama","Bocas del Toro","Jardines de la abuela, Solarte A","in situ photography","PL22_0059nigboc-l3.CR2","9.32191","-82.21953","underwater","2022-10-25"
"PL22_0060uniboc","PL22_0060","Hypoplectrus unicolor","Panama","Bocas del Toro","Jardines de la abuela, Solarte A","in situ photography","PL22_0060uniboc-l1.CR2","9.32191","-82.21953","underwater","2022-10-25"
"PL22_0061uniboc","PL22_0061","Hypoplectrus unicolor","Panama","Bocas del Toro","Jardines de la abuela, Solarte A","in situ photography","PL22_0061uniboc-l3.CR2","9.32191","-82.21953","underwater","2022-10-25"
"PL22_0062pueboc","PL22_0062","Hypoplectrus puella","Panama","Bocas del Toro","Eric's Reef","in situ photography","PL22_0062pueboc-l1.CR2","9.252844","-82.1314","underwater","2022-10-27"
"PL22_0063pueboc","PL22_0063","Hypoplectrus puella","Panama","Bocas del Toro","Eric's Reef","in situ photography","PL22_0063pueboc-l8.CR2","9.252844","-82.1314","underwater","2022-10-27"
"PL22_0064pueboc","PL22_0064","Hypoplectrus puella","Panama","Bocas del Toro","Eric's Reef","in situ photography","PL22_0064pueboc-l5.CR2","9.252844","-82.1314","underwater","2022-10-27"
"PL22_0065pueboc","PL22_0065","Hypoplectrus puella","Panama","Bocas del Toro","Lagoon A","in situ photography","PL22_0065pueboc-l6.CR2","9.466389","-82.44778","underwater","2022-10-27"
"PL22_0066pueboc","PL22_0066","Hypoplectrus puella","Panama","Bocas del Toro","Lagoon A","in situ photography","PL22_0066pueboc-l5.CR2","9.466389","-82.44778","underwater","2022-10-27"
"PL22_0067nigboc","PL22_0067","Hypoplectrus nigricans ","Panama","Bocas del Toro","Lagoon A","in situ photography","PL22_0067nigboc-l1.CR2","9.466389","-82.44778","underwater","2022-10-27"
"PL22_0068pueboc","PL22_0068","Hypoplectrus puella","Panama","Bocas del Toro","Lagoon A","in situ photography","PL22_0068pueboc-l1.CR2","9.466389","-82.44778","underwater","2022-10-27"
"PL22_0069pueboc","PL22_0069","Hypoplectrus puella","Panama","Bocas del Toro","Lagoon A","in situ photography","PL22_0069pueboc-l4.CR2","9.466389","-82.44778","underwater","2022-10-27"
"PL22_0070nigboc","PL22_0070","Hypoplectrus nigricans ","Panama","Bocas del Toro","Lagoon A","in situ photography","PL22_0070nigboc-l1.CR2","9.466389","-82.44778","underwater","2022-10-27"
"PL22_0071nigboc","PL22_0071","Hypoplectrus nigricans ","Panama","Bocas del Toro","Lagoon A","in situ photography","PL22_0071nigboc-l2.CR2","9.466389","-82.44778","underwater","2022-10-27"
"PL22_0072pueboc","PL22_0072","Hypoplectrus puella","Panama","Bocas del Toro","Lagoon A","in situ photography","PL22_0072pueboc-l6.CR2","9.466389","-82.44778","underwater","2022-10-27"
"PL22_0073nigboc","PL22_0073","Hypoplectrus nigricans ","Panama","Bocas del Toro","Lagoon A","in situ photography","PL22_0073nigboc-l2.CR2","9.466389","-82.44778","underwater","2022-10-27"
"PL22_0074nigboc","PL22_0074","Hypoplectrus nigricans ","Panama","Bocas del Toro","Lagoon A","in situ photography","PL22_0074nigboc-l5.CR2","9.466389","-82.44778","underwater","2022-10-27"
"PL22_0075nigboc","PL22_0075","Hypoplectrus nigricans ","Panama","Bocas del Toro","Behind Blue Coconut, Solarte B","in situ photography","PL22_0075nigboc-l21.CR2","9.334167","-82.29222","underwater","2022-10-31"
"PL22_0076pueboc","PL22_0076","Hypoplectrus puella","Panama","Bocas del Toro","Behind Blue Coconut, Solarte B","in situ photography","PL22_0076pueboc-l9.CR2","9.334167","-82.29222","underwater","2022-10-31"
"PL22_0077pueboc","PL22_0077","Hypoplectrus puella","Panama","Bocas del Toro","Behind Blue Coconut, Solarte B","in situ photography","PL22_0077pueboc-l4.CR2","9.334167","-82.29222","underwater","2022-10-31"
"PL22_0078nigboc","PL22_0078","Hypoplectrus nigricans ","Panama","Bocas del Toro","Isla Cristobal, Punta Juan","in situ photography","PL22_0078nigboc-l8.CR2","9.300501","-82.29385","underwater","2022-11-01"
"PL22_0079pueboc","PL22_0079","Hypoplectrus puella","Panama","Bocas del Toro","Isla Cristobal, Punta Juan","in situ photography","PL22_0079pueboc-l3.CR2","9.300501","-82.29385","underwater","2022-11-01"
"PL22_0080pueboc","PL22_0080","Hypoplectrus puella","Panama","Bocas del Toro","Isla Cristobal, Punta Juan","in situ photography","PL22_0080pueboc-l2.CR2","9.300501","-82.29385","underwater","2022-11-01"
"PL22_0081nigboc","PL22_0081","Hypoplectrus nigricans ","Panama","Bocas del Toro","Isla Cristobal, Punta Juan","in situ photography","PL22_0081nigboc-l4.CR2","9.300501","-82.29385","underwater","2022-11-01"
"PL22_0082nigboc","PL22_0082","Hypoplectrus nigricans ","Panama","Bocas del Toro","Isla Cristobal, Punta Juan","in situ photography","PL22_0082nigboc-l2.CR2","9.300501","-82.29385","underwater","2022-11-01"
"PL22_0083pueboc","PL22_0083","Hypoplectrus puella","Panama","Bocas del Toro","Isla Cristobal, Punta Juan","in situ photography","PL22_0083pueboc-l1.CR2","9.300501","-82.29385","underwater","2022-11-01"
"PL22_0084pueboc","PL22_0084","Hypoplectrus puella","Panama","Bocas del Toro","Isla Cristobal, Punta Juan","in situ photography","PL22_0084pueboc-l1.CR2","9.300501","-82.29385","underwater","2022-11-01"
"PL22_0085nigboc","PL22_0085","Hypoplectrus nigricans ","Panama","Bocas del Toro","Isla Cristobal, Punta Juan","in situ photography","PL22_0085nigboc-l2.CR2","9.300501","-82.29385","underwater","2022-11-01"
"PL22_0086nigboc","PL22_0086","Hypoplectrus nigricans ","Panama","Bocas del Toro","Isla Cristobal, Punta Juan","in situ photography","PL22_0086nigboc-l6.CR2","9.300501","-82.29385","underwater","2022-11-01"
"PL22_0087pueboc","PL22_0087","Hypoplectrus puella","Panama","Bocas del Toro","Isla Cristobal, Punta Juan","in situ photography","PL22_0087pueboc-l4.CR2","9.300501","-82.29385","underwater","2022-11-01"
"PL22_0088uniboc","PL22_0088","Hypoplectrus unicolor","Panama","Bocas del Toro","Isla Cristobal, Punta Juan","in situ photography","PL22_0088uniboc-l8.CR2","9.300501","-82.29385","underwater","2022-11-01"
"PL22_0089nigboc","PL22_0089","Hypoplectrus nigricans ","Panama","Bocas del Toro","Isla Cristobal, Punta Juan","in situ photography","PL22_0089nigboc-l6.CR2","9.300501","-82.29385","underwater","2022-11-01"
"PL22_0090nigboc","PL22_0090","Hypoplectrus nigricans ","Panama","Bocas del Toro","Isla Cristobal, Punta Juan","in situ photography","PL22_0090nigboc-l5.CR2","9.300501","-82.29385","underwater","2022-11-01"
"PL22_0091uniboc","PL22_0091","Hypoplectrus unicolor","Panama","Bocas del Toro","Bastimentos, Starfish Reef","in situ photography","PL22_0091uniboc-l6.CR2","9.332226","-82.19947","underwater","2022-11-03"
"PL22_0092pueboc","PL22_0092","Hypoplectrus puella","Panama","Bocas del Toro","Bastimentos, Starfish Reef","in situ photography","PL22_0092pueboc-l6.CR2","9.332226","-82.19947","underwater","2022-11-03"
"PL22_0093nigboc","PL22_0093","Hypoplectrus nigricans ","Panama","Bocas del Toro","Bastimentos, Starfish Reef","in situ photography","PL22_0093nigboc-l3.CR2","9.332226","-82.19947","underwater","2022-11-03"
"PL22_0094nigboc","PL22_0094","Hypoplectrus nigricans ","Panama","Bocas del Toro","Bastimentos, Starfish Reef","in situ photography","PL22_0094nigboc-l2.CR2","9.332226","-82.19947","underwater","2022-11-03"
"PL22_0095nigboc","PL22_0095","Hypoplectrus nigricans ","Panama","Bocas del Toro","Bastimentos, Starfish Reef","in situ photography","PL22_0095nigboc-l3.CR2","9.332226","-82.19947","underwater","2022-11-03"
"PL22_0096nigboc","PL22_0096","Hypoplectrus nigricans ","Panama","Bocas del Toro","Bastimentos, Starfish Reef","in situ photography","PL22_0096nigboc-l5.CR2","9.332226","-82.19947","underwater","2022-11-03"
"PL22_0097pueboc","PL22_0097","Hypoplectrus puella","Panama","Bocas del Toro","Bastimentos, Starfish Reef","in situ photography","PL22_0097pueboc-l4.CR2","9.332226","-82.19947","underwater","2022-11-03"
"PL22_0098pueboc","PL22_0098","Hypoplectrus puella","Panama","Bocas del Toro","Behind Blue Coconut, Solarte B","in situ photography","PL22_0098pueboc-l5.CR2","9.334167","-82.29222","underwater","2022-11-03"
"PL22_0099pueboc","PL22_0099","Hypoplectrus puella","Panama","Bocas del Toro","Behind Blue Coconut, Solarte B","in situ photography","PL22_0099pueboc-l5.CR2","9.334167","-82.29222","underwater","2022-11-03"
"PL22_0100nigboc","PL22_0100","Hypoplectrus nigricans ","Panama","Bocas del Toro","Behind Blue Coconut, Solarte B","in situ photography","PL22_0100nigboc-l10.CR2","9.334167","-82.29222","underwater","2022-11-03"
"PL22_0101pueboc","PL22_0101","Hypoplectrus puella","Panama","Bocas del Toro","Isla Cristobal, Punta Juan","in situ photography","PL22_0101pueboc-l4.CR2","9.300501","-82.29385","underwater","2022-11-04"
"PL22_0102pueboc","PL22_0102","Hypoplectrus puella","Panama","Bocas del Toro","Isla Cristobal, Punta Juan","in situ photography","PL22_0102pueboc-l3.CR2","9.300501","-82.29385","underwater","2022-11-04"
"PL22_0103pueboc","PL22_0103","Hypoplectrus puella","Panama","Bocas del Toro","White Buoy, Lagoon B","in situ photography","PL22_0103pueboc-l10.CR2","9.393889","-82.29667","underwater","2022-11-11"
"PL22_0104pueboc","PL22_0104","Hypoplectrus puella","Panama","Bocas del Toro","White Buoy, Lagoon B","in situ photography","PL22_0104pueboc-l7.CR2","9.393889","-82.29667","underwater","2022-11-11"
"PL22_0105uniboc","PL22_0105","Hypoplectrus unicolor","Panama","Bocas del Toro","White Buoy, Lagoon B","in situ photography","PL22_0105uniboc-l3.CR2","9.393889","-82.29667","underwater","2022-11-11"
"PL22_0106uniboc","PL22_0106","Hypoplectrus unicolor","Panama","Bocas del Toro","White Buoy, Lagoon B","in situ photography","PL22_0106uniboc-l2.CR2","9.393889","-82.29667","underwater","2022-11-11"
"PL22_0107pueboc","PL22_0107","Hypoplectrus puella","Panama","Bocas del Toro","White Buoy, Lagoon B","in situ photography","PL22_0107pueboc-l5.CR2","9.393889","-82.29667","underwater","2022-11-11"
"PL22_0108pueboc","PL22_0108","Hypoplectrus puella","Panama","Bocas del Toro","White Buoy, Lagoon B","in situ photography","PL22_0108pueboc-l2.CR2","9.393889","-82.29667","underwater","2022-11-11"
"PL22_0109uniboc","PL22_0109","Hypoplectrus unicolor","Panama","Bocas del Toro","White Buoy, Lagoon B","in situ photography","PL22_0109uniboc-l7.CR2","9.393889","-82.29667","underwater","2022-11-11"
"PL22_0110uniboc","PL22_0110","Hypoplectrus unicolor","Panama","Bocas del Toro","White Buoy, Lagoon B","in situ photography","PL22_0110uniboc-l8.CR2","9.393889","-82.29667","underwater","2022-11-11"
"PL22_0111pueboc","PL22_0111","Hypoplectrus puella","Panama","Bocas del Toro","White Buoy, Lagoon B","in situ photography","PL22_0111pueboc-l8.CR2","9.393889","-82.29667","underwater","2022-11-11"
"PL22_0112pueboc","PL22_0112","Hypoplectrus puella","Panama","Bocas del Toro","White Buoy, Lagoon B","in situ photography","PL22_0112pueboc-l2.CR2","9.393889","-82.29667","underwater","2022-11-11"
"PL22_0113nigboc","PL22_0113","Hypoplectrus nigricans ","Panama","Bocas del Toro","White Buoy, Lagoon B","in situ photography","PL22_0113nigboc-l3.CR2","9.393889","-82.29667","underwater","2022-11-11"
"PL22_0114pueboc","PL22_0114","Hypoplectrus puella","Panama","Bocas del Toro","White Buoy, Lagoon B","in situ photography","PL22_0114pueboc-l9.CR2","9.393889","-82.29667","underwater","2022-11-11"
"PL22_0115nigboc","PL22_0115","Hypoplectrus nigricans ","Panama","Bocas del Toro","White Buoy, Lagoon B","in situ photography","PL22_0115nigboc-l4.CR2","9.393889","-82.29667","underwater","2022-11-11"
"PL22_0116pueboc","PL22_0116","Hypoplectrus puella","Panama","Bocas del Toro","White Buoy, Lagoon B","in situ photography","PL22_0116pueboc-l8.CR2","9.393889","-82.29667","underwater","2022-11-11"
"PL22_0186nigboc","PL22_0186","Hypoplectrus nigricans ","Panama","Bocas del Toro","Casablanca","in situ photography","PL22_0186nigboc-l4.CR2","9.3266751","-82.2021928","underwater","2023-02-12"
"PL22_0187nigboc","PL22_0187","Hypoplectrus nigricans ","Panama","Bocas del Toro","Casablanca","in situ photography","PL22_0187nigboc-l7.CR2","9.3266751","-82.2021928","underwater","2023-02-12"
"PL22_0188nigboc","PL22_0188","Hypoplectrus nigricans ","Panama","Bocas del Toro","Casablanca","in situ photography","PL22_0188nigboc-l7.CR2","9.3266751","-82.2021928","underwater","2023-02-12"
"PL22_0189nigboc","PL22_0189","Hypoplectrus nigricans ","Panama","Bocas del Toro","Casablanca","in situ photography","PL22_0189nigboc-l1.CR2","9.3266751","-82.2021928","underwater","2023-02-12"
"PL22_0190nigboc","PL22_0190","Hypoplectrus nigricans ","Panama","Bocas del Toro","Casablanca","in situ photography","PL22_0190nigboc-l2.CR2","9.3266751","-82.2021928","underwater","2023-02-12"
"PL22_0191pueboc","PL22_0191","Hypoplectrus puella","Panama","Bocas del Toro","Casablanca","in situ photography","PL22_0191pueboc-l6.CR2","9.3266751","-82.2021928","underwater","2023-02-12"
"PL22_0192abeboc","PL22_0192","Hypoplectrus aberrans","Panama","Bocas del Toro","Casablanca","in situ photography","PL22_0192abeboc-l3.CR2","9.3266751","-82.2021928","underwater","2023-02-12"
"PL22_0193nigboc","PL22_0193","Hypoplectrus nigricans ","Panama","Bocas del Toro","Sunken Catamaran (Bow Line)","in situ photography","PL22_0193nigboc-l6.CR2","9.330556","-82.221972","underwater","2023-02-13"
"PL22_0194nigboc","PL22_0194","Hypoplectrus nigricans ","Panama","Bocas del Toro","Sunken Catamaran (Bow Line)","in situ photography","PL22_0194nigboc-l6.CR2","9.330556","-82.221972","underwater","2023-02-13"
"PL22_0195uniboc","PL22_0195","Hypoplectrus unicolor","Panama","Bocas del Toro","Sunken Catamaran (Bow Line)","in situ photography","PL22_0195uniboc-l8.CR2","9.330556","-82.221972","underwater","2023-02-13"
"PL22_0196pueboc","PL22_0196","Hypoplectrus puella","Panama","Bocas del Toro","Sunken Catamaran (Bow Line)","in situ photography","PL22_0196pueboc-l1.CR2","9.330556","-82.221972","underwater","2023-02-13"
"PL22_0197uniboc","PL22_0197","Hypoplectrus unicolor","Panama","Bocas del Toro","Sunken Catamaran (Bow Line)","in situ photography","PL22_0197uniboc-l7.CR2","9.330556","-82.221972","underwater","2023-02-13"
"PL22_0198uniboc","PL22_0198","Hypoplectrus unicolor","Panama","Bocas del Toro","Sunken Catamaran (Bow Line)","in situ photography","PL22_0198uniboc-l4.CR2","9.330556","-82.221972","underwater","2023-02-13"
"PL22_0199uniboc","PL22_0199","Hypoplectrus unicolor","Panama","Bocas del Toro","Sunken Catamaran (Bow Line)","in situ photography","PL22_0199uniboc-l6.CR2","9.330556","-82.221972","underwater","2023-02-13"
"PL22_0200pueboc","PL22_0200","Hypoplectrus puella","Panama","Bocas del Toro","Pondsock","in situ photography","PL22_0200pueboc-l3.CR2","9.2911169","-82.3300004","underwater","2023-02-14"
"PL22_0201abeboc","PL22_0201","Hypoplectrus aberrans","Panama","Bocas del Toro","Pondsock","in situ photography","PL22_0201abeboc-l7.CR2","9.2911169","-82.3300004","underwater","2023-02-14"
"PL22_0202pueboc","PL22_0202","Hypoplectrus puella","Panama","Bocas del Toro","Pondsock","in situ photography","PL22_0202pueboc-l1.CR2","9.2911169","-82.3300004","underwater","2023-02-14"
"PL22_0203pueboc","PL22_0203","Hypoplectrus puella","Panama","Bocas del Toro","Pondsock","in situ photography","PL22_0203pueboc-l2.CR2","9.2911169","-82.3300004","underwater","2023-02-14"
"PL22_0204pueboc","PL22_0204","Hypoplectrus puella","Panama","Bocas del Toro","Pondsock","in situ photography","PL22_0204pueboc-l7.CR2","9.2911169","-82.3300004","underwater","2023-02-14"
"PL22_0205nigboc","PL22_0205","Hypoplectrus nigricans ","Panama","Bocas del Toro","Pondsock","in situ photography","PL22_0205nigboc-l3.CR2","9.2911169","-82.3300004","underwater","2023-02-14"
"PL22_0206pueboc","PL22_0206","Hypoplectrus puella","Panama","Bocas del Toro","Pondsock","in situ photography","PL22_0206pueboc-l6.CR2","9.2911169","-82.3300004","underwater","2023-02-14"
"PL22_0207nigboc","PL22_0207","Hypoplectrus nigricans ","Panama","Bocas del Toro","Pondsock","in situ photography","PL22_0207nigboc-l6.CR2","9.2911169","-82.3300004","underwater","2023-02-14"
"PL22_0208nigboc","PL22_0208","Hypoplectrus nigricans ","Panama","Bocas del Toro","Pondsock","in situ photography","PL22_0208nigboc-l12.CR2","9.2911169","-82.3300004","underwater","2023-02-14"
"PL22_0209nigboc","PL22_0209","Hypoplectrus nigricans ","Panama","Bocas del Toro","Pondsock","in situ photography","PL22_0209nigboc-l6.CR2","9.2911169","-82.3300004","underwater","2023-02-14"
"PL22_0210nigboc","PL22_0210","Hypoplectrus nigricans ","Panama","Bocas del Toro","Pondsock","in situ photography","PL22_0210nigboc-l4.CR2","9.2911169","-82.3300004","underwater","2023-02-14"
"PL22_0211nigboc","PL22_0211","Hypoplectrus nigricans ","Panama","Bocas del Toro","Punta Caracol","in situ photography","PL22_0211nigboc-l17.CR2","9.3782647","-82.3033171","underwater","2023-02-15"
"PL22_0212pueboc","PL22_0212","Hypoplectrus puella","Panama","Bocas del Toro","Punta Caracol","in situ photography","PL22_0212pueboc-l5.CR2","9.3782647","-82.3033171","underwater","2023-02-15"
"PL22_0213pueboc","PL22_0213","Hypoplectrus puella","Panama","Bocas del Toro","Punta Caracol","in situ photography","PL22_0213pueboc-l5.CR2","9.3782647","-82.3033171","underwater","2023-02-15"
"PL22_0214pueboc","PL22_0214","Hypoplectrus puella","Panama","Bocas del Toro","Punta Caracol","in situ photography","PL22_0214pueboc-l9.CR2","9.3782647","-82.3033171","underwater","2023-02-15"
"PL22_0215pueboc","PL22_0215","Hypoplectrus puella","Panama","Bocas del Toro","Punta Caracol","in situ photography","PL22_0215pueboc-l5.CR2","9.3782647","-82.3033171","underwater","2023-02-15"
"PL22_0216nigboc","PL22_0216","Hypoplectrus nigricans ","Panama","Bocas del Toro","Punta Caracol","in situ photography","PL22_0216nigboc-l3.CR2","9.3782647","-82.3033171","underwater","2023-02-15"
"PL22_0217nigboc","PL22_0217","Hypoplectrus nigricans ","Panama","Bocas del Toro","Punta Caracol","in situ photography","PL22_0217nigboc-l6.CR2","9.3782647","-82.3033171","underwater","2023-02-15"
"PL22_0218nigboc","PL22_0218","Hypoplectrus nigricans ","Panama","Bocas del Toro","Punta Caracol","in situ photography","PL22_0218nigboc-l8.CR2","9.3782647","-82.3033171","underwater","2023-02-15"
"PL22_0219nigboc","PL22_0219","Hypoplectrus nigricans ","Panama","Bocas del Toro","Punta Caracol","in situ photography","PL22_0219nigboc-l2.CR2","9.3782647","-82.3033171","underwater","2023-02-15"
"PL22_0220nigboc","PL22_0220","Hypoplectrus nigricans ","Panama","Bocas del Toro","Punta Caracol","in situ photography","PL22_0220nigboc-l5.CR2","9.3782647","-82.3033171","underwater","2023-02-15"
"PL22_0221nigboc","PL22_0221","Hypoplectrus nigricans ","Panama","Bocas del Toro","Punta Caracol","in situ photography","PL22_0221nigboc-l1.CR2","9.3782647","-82.3033171","underwater","2023-02-15"
"PL22_0222uniboc","PL22_0222","Hypoplectrus unicolor","Panama","Bocas del Toro","Punta Caracol","in situ photography","PL22_0222uniboc-l3.CR2","9.3782647","-82.3033171","underwater","2023-02-15"
"PL22_0223pueboc","PL22_0223","Hypoplectrus puella","Panama","Bocas del Toro","Sunken Catamaran (Bow Line)","in situ photography","PL22_0223pueboc-l6.CR2","9.330556","-82.221972","underwater","2023-02-16"
"PL22_0224pueboc","PL22_0224","Hypoplectrus puella","Panama","Bocas del Toro","Sunken Catamaran (Bow Line)","in situ photography","PL22_0224pueboc-l2.CR2","9.330556","-82.221972","underwater","2023-02-16"
"PL22_0225proboc","PL22_0225","Hypoplectrus providencianus","Panama","Bocas del Toro","Sunken Catamaran (Bow Line)","in situ photography","PL22_0225proboc-l4.CR2","9.330556","-82.221972","underwater","2023-02-16"
"PL22_0226pueboc","PL22_0226","Hypoplectrus puella","Panama","Bocas del Toro","Sunken Catamaran (Bow Line)","in situ photography","PL22_0226pueboc-l6.CR2","9.330556","-82.221972","underwater","2023-02-16"
"PL22_0227pueboc","PL22_0227","Hypoplectrus puella","Panama","Bocas del Toro","Sunken Catamaran (Bow Line)","in situ photography","PL22_0227pueboc-l8.CR2","9.330556","-82.221972","underwater","2023-02-16"
"PL22_0228nigboc","PL22_0228","Hypoplectrus nigricans ","Panama","Bocas del Toro","Sunken Catamaran (Bow Line)","in situ photography","PL22_0228nigboc-l5.CR2","9.330556","-82.221972","underwater","2023-02-16"
"PL22_0229nigboc","PL22_0229","Hypoplectrus nigricans ","Panama","Bocas del Toro","Sunken Catamaran (Bow Line)","in situ photography","PL22_0229nigboc-l3.CR2","9.330556","-82.221972","underwater","2023-02-16"
"PL22_0230pueboc","PL22_0230","Hypoplectrus puella","Panama","Bocas del Toro","Sunken Catamaran (Bow Line)","in situ photography","PL22_0230pueboc-l1.CR2","9.330556","-82.221972","underwater","2023-02-16"
"PL22_0231pueboc","PL22_0231","Hypoplectrus puella","Panama","Bocas del Toro","Sunken Catamaran (Bow Line)","in situ photography","PL22_0231pueboc-l4.CR2","9.330556","-82.221972","underwater","2023-02-16"
"PL22_0232pueboc","PL22_0232","Hypoplectrus puella","Panama","Bocas del Toro","Sunken Catamaran (Bow Line)","in situ photography","PL22_0232pueboc-l7.CR2","9.330556","-82.221972","underwater","2023-02-16"
"PL22_0233pueboc","PL22_0233","Hypoplectrus puella","Panama","Bocas del Toro","Grande Estrella","in situ photography","PL22_0233pueboc-l2.CR2","9.396594","-82.317618","underwater","2023-02-24"
"PL22_0234pueboc","PL22_0234","Hypoplectrus puella","Panama","Bocas del Toro","Grande Estrella","in situ photography","PL22_0234pueboc-l6.CR2","9.396594","-82.317618","underwater","2023-02-24"
"PL22_0235pueboc","PL22_0235","Hypoplectrus puella","Panama","Bocas del Toro","Grande Estrella","in situ photography","PL22_0235pueboc-l6.CR2","9.396594","-82.317618","underwater","2023-02-24"
"PL22_0236pueboc","PL22_0236","Hypoplectrus puella","Panama","Bocas del Toro","Grande Estrella","in situ photography","PL22_0236pueboc-l5.CR2","9.396594","-82.317618","underwater","2023-02-24"
"PL22_0237pueboc","PL22_0237","Hypoplectrus puella","Panama","Bocas del Toro","Grande Estrella","in situ photography","PL22_0237pueboc-l7.CR2","9.396594","-82.317618","underwater","2023-02-24"
"PL22_0238pueboc","PL22_0238","Hypoplectrus puella","Panama","Bocas del Toro","Grande Estrella","in situ photography","PL22_0238pueboc-l3.CR2","9.396594","-82.317618","underwater","2023-02-24"
"PL22_0239pueboc","PL22_0239","Hypoplectrus puella","Panama","Bocas del Toro","Grande Estrella","in situ photography","PL22_0239pueboc-l5.CR2","9.396594","-82.317618","underwater","2023-02-24"
"PL22_0240pueboc","PL22_0240","Hypoplectrus puella","Panama","Bocas del Toro","Grande Estrella","in situ photography","PL22_0240pueboc-l6.CR2","9.396594","-82.317618","underwater","2023-02-24"
"PL22_0241pueboc","PL22_0241","Hypoplectrus puella","Panama","Bocas del Toro","Grande Estrella","in situ photography","PL22_0241pueboc-l10.CR2","9.396594","-82.317618","underwater","2023-02-24"
"PL22_0242abeboc","PL22_0242","Hypoplectrus aberrans","Panama","Bocas del Toro","Grande Estrella","in situ photography","PL22_0242abeboc-l2.CR2","9.396594","-82.317618","underwater","2023-02-24"
"PL22_0243pueboc","PL22_0243","Hypoplectrus puella","Panama","Bocas del Toro","Grande Estrella","in situ photography","PL22_0243pueboc-l3.CR2","9.396594","-82.317618","underwater","2023-02-24"
"PL22_0244pueboc","PL22_0244","Hypoplectrus puella","Panama","Bocas del Toro","Grande Estrella","in situ photography","PL22_0244pueboc-l5.CR2","9.396594","-82.317618","underwater","2023-02-24"
"PL22_0245pueboc","PL22_0245","Hypoplectrus puella","Panama","Bocas del Toro","Grande Estrella","in situ photography","PL22_0245pueboc-l4.CR2","9.396594","-82.317618","underwater","2023-02-24"
"PL22_0246pueboc","PL22_0246","Hypoplectrus puella","Panama","Bocas del Toro","Grande Estrella","in situ photography","PL22_0246pueboc-l6.CR2","9.396594","-82.317618","underwater","2023-02-24"
"PL22_0247proboc","PL22_0247","Hypoplectrus providencianus","Panama","Bocas del Toro","Grande Estrella","in situ photography","PL22_0247proboc-l1.CR2","9.396594","-82.317618","underwater","2023-02-24"
"PL22_0248pueboc","PL22_0248","Hypoplectrus puella","Panama","Bocas del Toro","Pandora","in situ photography","PL22_0248pueboc-l3.CR2","9.3206497","-82.2284104","underwater","2023-02-26"
"PL22_0249nigboc","PL22_0249","Hypoplectrus nigricans ","Panama","Bocas del Toro","Pandora","in situ photography","PL22_0249nigboc-l5.CR2","9.3206497","-82.2284104","underwater","2023-02-26"
"PL22_0250nigboc","PL22_0250","Hypoplectrus nigricans ","Panama","Bocas del Toro","Pandora","in situ photography","PL22_0250nigboc-l1.CR2","9.3206497","-82.2284104","underwater","2023-02-26"
"PL22_0251pueboc","PL22_0251","Hypoplectrus puella","Panama","Bocas del Toro","Pandora","in situ photography","PL22_0251pueboc-l6.CR2","9.3206497","-82.2284104","underwater","2023-02-26"
"PL22_0252uniboc","PL22_0252","Hypoplectrus unicolor","Panama","Bocas del Toro","Pandora","in situ photography","PL22_0252uniboc-l4.CR2","9.3206497","-82.2284104","underwater","2023-02-26"
"PL22_0253nigboc","PL22_0253","Hypoplectrus nigricans ","Panama","Bocas del Toro","Pandora","in situ photography","PL22_0253nigboc-l5.CR2","9.3206497","-82.2284104","underwater","2023-02-26"
"PL22_0254uniboc","PL22_0254","Hypoplectrus unicolor","Panama","Bocas del Toro","Pandora","in situ photography","PL22_0254uniboc-l3.CR2","9.3206497","-82.2284104","underwater","2023-02-26"
"PL22_0255pueboc","PL22_0255","Hypoplectrus puella","Panama","Bocas del Toro","Pandora","in situ photography","PL22_0255pueboc-l2.CR2","9.3206497","-82.2284104","underwater","2023-02-26"
"PL22_0256pueboc","PL22_0256","Hypoplectrus puella","Panama","Bocas del Toro","Behind Blue Coconut, Solarte B","in situ photography","PL22_0256pueboc-l6.CR2","9.334167","-82.29222","underwater","2023-02-26"
"PL22_0257pueboc","PL22_0257","Hypoplectrus puella","Panama","Bocas del Toro","Behind Blue Coconut, Solarte B","in situ photography","PL22_0257pueboc-l3.CR2","9.334167","-82.29222","underwater","2023-02-26"
"PL22_0258nigboc","PL22_0258","Hypoplectrus nigricans ","Panama","Bocas del Toro","Behind Blue Coconut, Solarte B","in situ photography","PL22_0258nigboc-l3.CR2","9.334167","-82.29222","underwater","2023-02-26"
"PL22_0259pueboc","PL22_0259","Hypoplectrus puella","Panama","Bocas del Toro","Behind Blue Coconut, Solarte B","in situ photography","PL22_0259pueboc-l6.CR2","9.334167","-82.29222","underwater","2023-02-26"
"PL22_0260nigboc","PL22_0260","Hypoplectrus nigricans ","Panama","Bocas del Toro","Behind Blue Coconut, Solarte B","in situ photography","PL22_0260nigboc-l1.CR2","9.334167","-82.29222","underwater","2023-02-26"
"PL22_0261pueboc","PL22_0261","Hypoplectrus puella","Panama","Bocas del Toro","Behind Blue Coconut, Solarte B","in situ photography","PL22_0261pueboc-l6.CR2","9.334167","-82.29222","underwater","2023-02-26"
"PL22_0262nigboc","PL22_0262","Hypoplectrus nigricans ","Panama","Bocas del Toro","Behind Blue Coconut, Solarte B","in situ photography","PL22_0262nigboc-l1.CR2","9.31612","-82.29222","underwater","2023-02-26"
"PL22_0263nigboc","PL22_0263","Hypoplectrus nigricans ","Panama","Bocas del Toro","Punta Caracol, East","in situ photography","PL22_0263nigboc-l5.CR2","-9.3816547","-82.3045462","underwater","2023-02-27"
"PL22_0264nigboc","PL22_0264","Hypoplectrus nigricans ","Panama","Bocas del Toro","Punta Caracol, East","in situ photography","PL22_0264nigboc-l6.CR2","-9.3816547","-82.3045462","underwater","2023-02-27"
"PL22_0265nigboc","PL22_0265","Hypoplectrus nigricans ","Panama","Bocas del Toro","Punta Caracol, East","in situ photography","PL22_0265nigboc-l6.CR2","-9.3816547","-82.3045462","underwater","2023-02-27"
"PL22_0266pueboc","PL22_0266","Hypoplectrus puella","Panama","Bocas del Toro","Punta Caracol, East","in situ photography","PL22_0266pueboc-l5.CR2","-9.3816547","-82.3045462","underwater","2023-02-27"
"PL22_0267nigboc","PL22_0267","Hypoplectrus nigricans ","Panama","Bocas del Toro","Punta Caracol, East","in situ photography","PL22_0267nigboc-l7.CR2","-9.3816547","-82.3045462","underwater","2023-02-27"
"PL22_0268nigboc","PL22_0268","Hypoplectrus nigricans ","Panama","Bocas del Toro","Punta Caracol, East","in situ photography","PL22_0268nigboc-l5.CR2","-9.3816547","-82.3045462","underwater","2023-02-27"
"PL22_0269nigboc","PL22_0269","Hypoplectrus nigricans ","Panama","Bocas del Toro","Punta Caracol, East","in situ photography","PL22_0269nigboc-l6.CR2","-9.3816547","-82.3045462","underwater","2023-02-27"
"PL22_0270pueboc","PL22_0270","Hypoplectrus puella","Panama","Bocas del Toro","Punta Caracol","in situ photography","PL22_0270pueboc-l4.CR2","-9.3782647","-82.3033171","underwater","2023-02-27"
"PL22_0271abeboc","PL22_0271","Hypoplectrus aberrans","Panama","Bocas del Toro","Punta Caracol","in situ photography","PL22_0271abeboc-l4.CR2","-9.3782647","-82.3033171","underwater","2023-02-27"
"PL22_0272nigboc","PL22_0272","Hypoplectrus nigricans ","Panama","Bocas del Toro","Punta Caracol","in situ photography","PL22_0272nigboc-l7.CR2","-9.3782647","-82.3033171","underwater","2023-02-27"
"PL22_0273uniboc","PL22_0273","Hypoplectrus unicolor","Panama","Bocas del Toro","Punta Caracol","in situ photography","PL22_0273uniboc-l10.CR2","-9.3782647","-82.3033171","underwater","2023-02-27"
"PL22_0274pueboc","PL22_0274","Hypoplectrus puella","Panama","Bocas del Toro","Bastimentos, Starfish Reef","in situ photography","PL22_0274pueboc-l3.CR2","9.332226","-82.19947","underwater","2023-02-28"
"PL22_0275pueboc","PL22_0275","Hypoplectrus puella","Panama","Bocas del Toro","Bastimentos, Starfish Reef","in situ photography","PL22_0275pueboc-l5.CR2","9.332226","-82.19947","underwater","2023-02-28"
"PL22_0276pueboc","PL22_0276","Hypoplectrus puella","Panama","Bocas del Toro","Bastimentos, Starfish Reef","in situ photography","PL22_0276pueboc-l7.CR2","9.332226","-82.19947","underwater","2023-02-28"
"PL22_0277pueboc","PL22_0277","Hypoplectrus puella","Panama","Bocas del Toro","Bastimentos, Starfish Reef","in situ photography","PL22_0277pueboc-l4.CR2","9.332226","-82.19947","underwater","2023-02-28"
"PL22_0278pueboc","PL22_0278","Hypoplectrus puella","Panama","Bocas del Toro","Bastimentos, Starfish Reef","in situ photography","PL22_0278pueboc-l4.CR2","9.332226","-82.19947","underwater","2023-02-28"
"PL22_0279gumboc","PL22_0279","Hypoplectrus gummigutta","Panama","Bocas del Toro","Pandora","in situ photography","PL22_0279gumboc-l3.CR2","9.3206497","-82.2284104","underwater","2023-02-28"
"PL22_0280pueboc","PL22_0280","Hypoplectrus puella","Panama","Bocas del Toro","Pandora","in situ photography","PL22_0280pueboc-l5.CR2","9.3206497","-82.2284104","underwater","2023-02-28"
"PL22_0281pueboc","PL22_0281","Hypoplectrus puella","Panama","Bocas del Toro","Estrella Pequena","in situ photography","PL22_0281pueboc-l6.CR2","9.3947436","-82.3172924","underwater","2023-03-02"
"PL22_0282abeboc","PL22_0282","Hypoplectrus aberrans","Panama","Bocas del Toro","Estrella Pequena","in situ photography","PL22_0282abeboc-l3.CR2","9.3947436","-82.3172924","underwater","2023-03-02"
"PL22_0283nigboc","PL22_0283","Hypoplectrus nigricans ","Panama","Bocas del Toro","Estrella Pequena","in situ photography","PL22_0283nigboc-l5.CR2","9.3947436","-82.3172924","underwater","2023-03-02"
"PL22_0284uniboc","PL22_0284","Hypoplectrus unicolor","Panama","Bocas del Toro","Estrella Pequena","in situ photography","PL22_0284uniboc-l4.CR2","9.3947436","-82.3172924","underwater","2023-03-02"
"PL22_0285uniboc","PL22_0285","Hypoplectrus unicolor","Panama","Bocas del Toro","Casablanca","in situ photography","PL22_0285uniboc-l8.CR2","9.3266751","-82.2021928","underwater","2023-03-02"
"PL22_0286nigboc","PL22_0286","Hypoplectrus nigricans ","Panama","Bocas del Toro","Casablanca","in situ photography","PL22_0286nigboc-l2.CR2","9.3266751","-82.2021928","underwater","2023-03-02"
"PL22_0287pueboc","PL22_0287","Hypoplectrus puella","Panama","Bocas del Toro","Casablanca","in situ photography","PL22_0287pueboc-l3.CR2","9.3266751","-82.2021928","underwater","2023-03-02"
"PL22_0288uniboc","PL22_0288","Hypoplectrus unicolor","Panama","Bocas del Toro","Sunken Catamaran (Bow Line)","in situ photography","PL22_0288uniboc-l3.CR2","9.330556","-82.221972","underwater","2023-03-06"
"PL22_0289uniboc","PL22_0289","Hypoplectrus unicolor","Panama","Bocas del Toro","Sunken Catamaran (Bow Line)","in situ photography","PL22_0289uniboc-l1.CR2","9.330556","-82.221972","underwater","2023-03-06"
"PL22_0290gutboc","PL22_0290","Hypoplectrus guttavarius","Panama","Bocas del Toro","Sunken Catamaran (Bow Line)","in situ photography","PL22_0290gutboc-l5.CR2","9.330556","-82.221972","underwater","2023-03-06"
"PL22_0291uniboc","PL22_0291","Hypoplectrus unicolor","Panama","Bocas del Toro","Sunken Catamaran (Bow Line)","in situ photography","PL22_0291uniboc-l3.CR2","9.330556","-82.221972","underwater","2023-03-06"
"PL22_0292uniboc","PL22_0292","Hypoplectrus unicolor","Panama","Bocas del Toro","Sunken Catamaran (Bow Line)","in situ photography","PL22_0292uniboc-l4.CR2","9.330556","-82.221972","underwater","2023-03-06"
"PL22_0293uniboc","PL22_0293","Hypoplectrus unicolor","Panama","Bocas del Toro","Pandora","in situ photography","PL22_0293uniboc-l2.CR2","9.3206497","-82.2284104","underwater","2023-03-07"
"PL22_0294abeboc","PL22_0294","Hypoplectrus aberrans","Panama","Bocas del Toro","Pandora","in situ photography","PL22_0294abeboc-l3.CR2","9.3206497","-82.2284104","underwater","2023-03-07"
"PL22_0295abeboc","PL22_0295","Hypoplectrus aberrans","Panama","Bocas del Toro","Pandora","in situ photography","PL22_0295abeboc-l6.CR2","9.3206497","-82.2284104","underwater","2023-03-07"
"PL22_0296uniboc","PL22_0296","Hypoplectrus unicolor","Panama","Bocas del Toro","Pandora","in situ photography","PL22_0296uniboc-l6.CR2","9.3206497","-82.2284104","underwater","2023-03-07"
"PL22_0297abeboc","PL22_0297","Hypoplectrus aberrans","Panama","Bocas del Toro","Pandora","in situ photography","PL22_0297abeboc-l1.CR2","9.3206497","-82.2284104","underwater","2023-03-07"
"PL22_0298pueboc","PL22_0298","Hypoplectrus puella","Panama","Bocas del Toro","Pandora","in situ photography","PL22_0298pueboc-l6.CR2","9.3206497","-82.2284104","underwater","2023-03-07"
"PL22_0299uniboc","PL22_0299","Hypoplectrus unicolor","Panama","Bocas del Toro","Pandora","in situ photography","PL22_0299uniboc-l4.CR2","9.3206497","-82.2284104","underwater","2023-03-07"
"PL22_0300uniboc","PL22_0300","Hypoplectrus unicolor","Panama","Bocas del Toro","Sunken Catamaran (Bow Line)","in situ photography","PL22_0300uniboc-l1.CR2","9.330556","-82.221972","underwater","2023-03-29"
"PL22_0117puetob","PL22_0117","Hypoplectrus puella","Tobago","Tobago","Dutchman's Reef","in situ photography","PL22_0117puetob-l3.CR2","11.19444","-60.79857","underwater","2022-11-20"
"PL22_0118puetob","PL22_0118","Hypoplectrus puella","Tobago","Tobago","Dutchman's Reef","in situ photography","PL22_0118puetob-l4.CR2","11.19444","-60.79857","underwater","2022-11-20"
"PL22_0119puetob","PL22_0119","Hypoplectrus puella","Tobago","Tobago","Dutchman's Reef","in situ photography","PL22_0119puetob-l4.CR2","11.19444","-60.79857","underwater","2022-11-20"
"PL22_0120puetob","PL22_0120","Hypoplectrus puella","Tobago","Tobago","Dutchman's Reef","in situ photography","PL22_0120puetob-l4.CR2","11.19444","-60.79857","underwater","2022-11-20"
"PL22_0121gumtob","PL22_0121","Hypoplectrus gummigutta","Tobago","Tobago","Dutchman's Reef","in situ photography","PL22_0121gumtob-l4.CR2","11.19444","-60.79857","underwater","2022-11-20"
"PL22_0122puetob","PL22_0122","Hypoplectrus puella","Tobago","Tobago","Dutchman's Reef","in situ photography","PL22_0122puetob-l8.CR2","11.19444","-60.79857","underwater","2022-11-20"
"PL22_0123puetob","PL22_0123","Hypoplectrus puella","Tobago","Tobago","Dutchman's Reef","in situ photography","PL22_0123puetob-l1.CR2","11.19444","-60.79857","underwater","2022-11-20"
"PL22_0124puetob","PL22_0124","Hypoplectrus puella","Tobago","Tobago","Dutchman's Reef","in situ photography","PL22_0124puetob-l1.CR2","11.19444","-60.79857","underwater","2022-11-20"
"PL22_0125gumtob","PL22_0125","Hypoplectrus gummigutta","Tobago","Tobago","Dutchman's Reef","in situ photography","PL22_0125gumtob-l10.CR2","11.19444","-60.79857","underwater","2022-11-20"
"PL22_0126gumtob","PL22_0126","Hypoplectrus gummigutta","Tobago","Tobago","Dutchman's Reef","in situ photography","PL22_0126gumtob-l6.CR2","11.19444","-60.79857","underwater","2022-11-20"
"PL22_0127puetob","PL22_0127","Hypoplectrus puella","Tobago","Tobago","IMA Buoy","in situ photography","PL22_0127puetob-l6.CR2","11.1816667","-60.85069444","underwater","2022-11-21"
"PL22_0128gumtob","PL22_0128","Hypoplectrus gummigutta","Tobago","Tobago","IMA Buoy","in situ photography","PL22_0128gumtob-l3.CR2","11.1816667","-60.85069444","underwater","2022-11-21"
"PL22_0129puetob","PL22_0129","Hypoplectrus puella","Tobago","Tobago","IMA Buoy","in situ photography","PL22_0129puetob-l3.CR2","11.1816667","-60.85069444","underwater","2022-11-21"
"PL22_0130puetob","PL22_0130","Hypoplectrus puella","Tobago","Tobago","Kariwak Reef","in situ photography","PL22_0130puetob-l10.CR2","11.15553","-60.84126","underwater","2022-11-21"
"PL22_0131puetob","PL22_0131","Hypoplectrus puella","Tobago","Tobago","Kariwak Reef","in situ photography","PL22_0131puetob-l1.CR2","11.15553","-60.84126","underwater","2022-11-21"
"PL22_0132puetob","PL22_0132","Hypoplectrus puella","Tobago","Tobago","Kariwak Reef","in situ photography","PL22_0132puetob-l4.CR2","11.15553","-60.84126","underwater","2022-11-21"
"PL22_0133guttob","PL22_0133","Hypoplectrus guttavarius","Tobago","Tobago","Kariwak Reef","in situ photography","PL22_0133guttob-l1.CR2","11.15553","-60.84126","underwater","2022-11-21"
"PL22_0134puetob","PL22_0134","Hypoplectrus puella","Tobago","Tobago","Kariwak Reef","in situ photography","PL22_0134puetob-l8.CR2","11.15553","-60.84126","underwater","2022-11-21"
"PL22_0135puetob","PL22_0135","Hypoplectrus puella","Tobago","Tobago","Grouper Ground","in situ photography","PL22_0135puetob-l4.CR2","11.16382","-60.85064","underwater","2022-11-22"
"PL22_0136chltob","PL22_0136","Hypoplectrus chlorurus","Tobago","Tobago","Grouper Ground","in situ photography","PL22_0136chltob-l9.CR2","11.16382","-60.85064","underwater","2022-11-22"
"PL22_0137puetob","PL22_0137","Hypoplectrus puella","Tobago","Tobago","Grouper Ground","in situ photography","PL22_0137puetob-l3.CR2","11.16382","-60.85064","underwater","2022-11-22"
"PL22_0138puetob","PL22_0138","Hypoplectrus puella","Tobago","Tobago","Bopez, Randy shallow reef","in situ photography","PL22_0138puetob-l4.CR2","11.1635","-60.84352778","underwater","2022-11-22"
"PL22_0139gumtob","PL22_0139","Hypoplectrus gummigutta","Tobago","Tobago","Bopez, Randy shallow reef","in situ photography","PL22_0139gumtob-l6.CR2","11.1635","-60.84352778","underwater","2022-11-22"
"PL22_0140puetob","PL22_0140","Hypoplectrus puella","Tobago","Tobago","Bopez, Randy shallow reef","in situ photography","PL22_0140puetob-l4.CR2","11.1635","-60.84352778","underwater","2022-11-22"
"PL22_0141gumtob","PL22_0141","Hypoplectrus gummigutta","Tobago","Tobago","Bopez, Randy shallow reef","in situ photography","PL22_0141gumtob-l8.CR2","11.1635","-60.84352778","underwater","2022-11-22"
"PL22_0142gumtob","PL22_0142","Hypoplectrus gummigutta","Tobago","Tobago","Bopez, Randy shallow reef","in situ photography","PL22_0142gumtob-l5.CR2","11.1635","-60.84352778","underwater","2022-11-22"
"PL22_0143puetob","PL22_0143","Hypoplectrus puella","Tobago","Tobago","Bopez, Randy shallow reef","in situ photography","PL22_0143puetob-l5.CR2","11.1635","-60.84352778","underwater","2022-11-22"
"PL22_0144puetob","PL22_0144","Hypoplectrus puella","Tobago","Tobago","Bopez, Randy shallow reef","in situ photography","PL22_0144puetob-l6.CR2","11.1635","-60.84352778","underwater","2022-11-22"
"PL22_0145puetob","PL22_0145","Hypoplectrus puella","Tobago","Tobago","Bopez, Randy shallow reef","in situ photography","PL22_0145puetob-l5.CR2","11.1635","-60.84352778","underwater","2022-11-22"
"PL22_0146puetob","PL22_0146","Hypoplectrus puella","Tobago","Tobago","Bopez, Randy shallow reef","in situ photography","PL22_0146puetob-l1.CR2","11.1635","-60.84352778","underwater","2022-11-22"
"PL22_0147gumtob","PL22_0147","Hypoplectrus gummigutta","Tobago","Tobago","Bopez, Randy shallow reef","in situ photography","PL22_0147gumtob-l3.CR2","11.1635","-60.84352778","underwater","2022-11-22"
"PL22_0148puetob","PL22_0148","Hypoplectrus puella","Tobago","Tobago","Mount Irvine Wall Extension","in situ photography","PL22_0148puetob-l6.CR2","11.20001","-60.79957","underwater","2022-11-23"
"PL22_0149gumtob","PL22_0149","Hypoplectrus gummigutta","Tobago","Tobago","Mount Irvine Wall Extension","in situ photography","PL22_0149gumtob-l11.CR2","11.20001","-60.79957","underwater","2022-11-23"
"PL22_0150puetob","PL22_0150","Hypoplectrus puella","Tobago","Tobago","Mount Irvine Wall Extension","in situ photography","PL22_0150puetob-l7.CR2","11.20001","-60.79957","underwater","2022-11-23"
"PL22_0151chltob","PL22_0151","Hypoplectrus chlorurus","Tobago","Tobago","Mount Irvine Wall Extension","in situ photography","PL22_0151chltob-l6.CR2","11.20001","-60.79957","underwater","2022-11-23"
"PL22_0152puetob","PL22_0152","Hypoplectrus puella","Tobago","Tobago","Mount Irvine Wall Extension","in situ photography","PL22_0152puetob-l7.CR2","11.20001","-60.79957","underwater","2022-11-23"
"PL22_0153gumtob","PL22_0153","Hypoplectrus gummigutta","Tobago","Tobago","Mount Irvine Wall Extension","in situ photography","PL22_0153gumtob-l14.CR2","11.20001","-60.79957","underwater","2022-11-23"
"PL22_0154puetob","PL22_0154","Hypoplectrus puella","Tobago","Tobago","Mount Irvine Wall Extension continuation towards bay","in situ photography","PL22_0154puetob-l7.CR2","11.1978333","-60.80013889","underwater","2022-11-23"
"PL22_0155gumtob","PL22_0155","Hypoplectrus gummigutta","Tobago","Tobago","Mount Irvine Wall Extension continuation towards bay","in situ photography","PL22_0155gumtob-l4.CR2","11.1978333","-60.80013889","underwater","2022-11-23"
"PL22_0156gumtob","PL22_0156","Hypoplectrus gummigutta","Tobago","Tobago","Mount Irvine Wall Extension continuation towards bay","in situ photography","PL22_0156gumtob-l4.CR2","11.1978333","-60.80013889","underwater","2022-11-23"
"PL22_0157gumtob","PL22_0157","Hypoplectrus gummigutta","Tobago","Tobago","Mount Irvine Wall Extension continuation towards bay","in situ photography","PL22_0157gumtob-l6.CR2","11.1978333","-60.80013889","underwater","2022-11-23"
"PL22_0158gumtob","PL22_0158","Hypoplectrus gummigutta","Tobago","Tobago","Dutchman's Reef","in situ photography","PL22_0158gumtob-l3.CR2","11.19444","-60.79857","underwater","2022-11-24"
"PL22_0159gumtob","PL22_0159","Hypoplectrus gummigutta","Tobago","Tobago","Dutchman's Reef","in situ photography","PL22_0159gumtob-l4.CR2","11.19444","-60.79857","underwater","2022-11-24"
"PL22_0160chltob","PL22_0160","Hypoplectrus chlorurus","Tobago","Tobago","Dutchman's Reef","in situ photography","PL22_0160chltob-l9.CR2","11.19444","-60.79857","underwater","2022-11-24"
"PL22_0161gumtob","PL22_0161","Hypoplectrus gummigutta","Tobago","Tobago","Dutchman's Reef","in situ photography","PL22_0161gumtob-l1.CR2","11.19444","-60.79857","underwater","2022-11-24"
"PL22_0162chltob","PL22_0162","Hypoplectrus chlorurus","Tobago","Tobago","IMA Buoy","in situ photography","PL22_0162chltob-l8.CR2","11.1816667","-60.85069444","underwater","2022-11-28"
"PL22_0163gumtob","PL22_0163","Hypoplectrus gummigutta","Tobago","Tobago","IMA Buoy","in situ photography","PL22_0163gumtob-l7.CR2","11.1816667","-60.85069444","underwater","2022-11-28"
"PL22_0164puetob","PL22_0164","Hypoplectrus puella","Tobago","Tobago","Bopez, Randy shallow reef","in situ photography","PL22_0164puetob-l8.CR2","11.1635","-60.84352778","underwater","2022-11-28"
"PL22_0165gumtob","PL22_0165","Hypoplectrus gummigutta","Tobago","Tobago","Bopez, Randy shallow reef","in situ photography","PL22_0165gumtob-l11.CR2","11.1635","-60.84352778","underwater","2022-11-28"
"PL22_0166chltob","PL22_0166","Hypoplectrus chlorurus","Tobago","Tobago","Bopez, Randy shallow reef","in situ photography","PL22_0166chltob-l12.CR2","11.1635","-60.84352778","underwater","2022-11-28"
"PL22_0167chltob","PL22_0167","Hypoplectrus chlorurus","Tobago","Tobago","IMA Buoy","in situ photography","PL22_0167chltob-l1.CR2","11.1816667","-60.85069444","underwater","2022-11-29"
"PL22_0168chltob","PL22_0168","Hypoplectrus chlorurus","Tobago","Tobago","IMA Buoy","in situ photography","PL22_0168chltob-l4.CR2","11.1816667","-60.85069444","underwater","2022-11-29"
"PL22_0169gumtob","PL22_0169","Hypoplectrus gummigutta","Tobago","Tobago","Dutchman's Reef","in situ photography","PL22_0169gumtob-l1.CR2","11.19444","-60.79857","underwater","2022-11-29"
"PL22_0170gumtob","PL22_0170","Hypoplectrus gummigutta","Tobago","Tobago","Dutchman's Reef","in situ photography","PL22_0170gumtob-l9.CR2","11.19444","-60.79857","underwater","2022-11-29"
"PL22_0171gumtob","PL22_0171","Hypoplectrus gummigutta","Tobago","Tobago","Dutchman's Reef","in situ photography","PL22_0171gumtob-l15.CR2","11.19444","-60.79857","underwater","2022-11-29"
"PL22_0172gumtob","PL22_0172","Hypoplectrus gummigutta","Tobago","Tobago","Dutchman's Reef","in situ photography","PL22_0172gumtob-l14.CR2","11.19444","-60.79857","underwater","2022-11-29"
"PL22_0173gumtob","PL22_0173","Hypoplectrus gummigutta","Tobago","Tobago","Dutchman's Reef","in situ photography","PL22_0173gumtob-l3.CR2","11.19444","-60.79857","underwater","2022-11-29"
"PL22_0174chltob","PL22_0174","Hypoplectrus chlorurus","Tobago","Tobago","Dutchman's Reef","in situ photography","PL22_0174chltob-l9.CR2","11.19444","-60.79857","underwater","2022-11-29"
"PL22_0175chltob","PL22_0175","Hypoplectrus chlorurus","Tobago","Tobago","Dutchman's Reef","in situ photography","PL22_0175chltob-l3.CR2","11.19444","-60.79857","underwater","2022-11-29"
"PL22_0176gumtob","PL22_0176","Hypoplectrus gummigutta","Tobago","Tobago","Mount Irvine Wall Extension continuation towards bay","in situ photography","PL22_0176gumtob-l1.CR2","11.1978333","-60.80013889","underwater","2022-11-30"
"PL22_0177chltob","PL22_0177","Hypoplectrus chlorurus","Tobago","Tobago","IMA Buoy","in situ photography","PL22_0177chltob-l3.CR2","11.1816667","-60.85069444","underwater","2022-12-02"
"PL22_0178chltob","PL22_0178","Hypoplectrus chlorurus","Tobago","Tobago","IMA Buoy","in situ photography","PL22_0178chltob-l2.CR2","11.1816667","-60.85069444","underwater","2022-12-02"
"PL22_0179chltob","PL22_0179","Hypoplectrus chlorurus","Tobago","Tobago","IMA Buoy","in situ photography","PL22_0179chltob-l9.CR2","11.1816667","-60.85069444","underwater","2022-12-02"
"PL22_0180chltob","PL22_0180","Hypoplectrus chlorurus","Tobago","Tobago","IMA Buoy","in situ photography","PL22_0180chltob-l7.CR2","11.1816667","-60.85069444","underwater","2022-12-02"
"PL22_0181puetob","PL22_0181","Hypoplectrus puella","Tobago","Tobago","Dutchman's Reef","in situ photography","PL22_0181puetob-l2.CR2","11.19444","-60.79857","underwater","2022-12-02"
"PL22_0182puetob","PL22_0182","Hypoplectrus puella","Tobago","Tobago","Dutchman's Reef","in situ photography","PL22_0182puetob-l4.CR2","11.19444","-60.79857","underwater","2022-12-02"
"PL22_0183gumtob","PL22_0183","Hypoplectrus gummigutta","Tobago","Tobago","Dutchman's Reef","in situ photography","PL22_0183gumtob-l11.CR2","11.19444","-60.79857","underwater","2022-12-02"
"PL22_0184puetob","PL22_0184","Hypoplectrus puella","Tobago","Tobago","Dutchman's Reef","in situ photography","PL22_0184puetob-l5.CR2","11.19444","-60.79857","underwater","2022-12-02"
"PL22_0185puetob","PL22_0185","Hypoplectrus puella","Tobago","Tobago","Dutchman's Reef","in situ photography","PL22_0185puetob-l5.CR2","11.19444","-60.79857","underwater","2022-12-02"
"PL22_0301uniuvi","PL22_0301","Hypoplectrus unicolor","US Virgin Islands","St John","Haulover South, left","in situ photography","PL22_0301uniuvi-l1.CR2","18.345567","-64.680308","underwater","2023-05-15"
"PL22_0302uniuvi","PL22_0302","Hypoplectrus unicolor","US Virgin Islands","St John","Haulover South, left","in situ photography","PL22_0302uniuvi-l3.CR2","18.345567","-64.680308","underwater","2023-05-15"
"PL22_0303abeuvi","PL22_0303","Hypoplectrus aberrans","US Virgin Islands","St John","Haulover South, left","in situ photography","PL22_0303abeuvi-l2.CR2","18.345567","-64.680308","underwater","2023-05-15"
"PL22_0304niguvi","PL22_0304","Hypoplectrus nigricans","US Virgin Islands","St John","Haulover South, left","in situ photography","PL22_0304niguvi-l4.CR2","18.345567","-64.680308","underwater","2023-05-15"
"PL22_0305abeuvi","PL22_0305","Hypoplectrus aberrans","US Virgin Islands","St John","Haulover South, left","in situ photography","PL22_0305abeuvi-l2.CR2","18.345567","-64.680308","underwater","2023-05-15"
"PL22_0306pueuvi","PL22_0306","Hypoplectrus puella","US Virgin Islands","St John","Haulover South, left","in situ photography","PL22_0306pueuvi-l9.CR2","18.345567","-64.680308","underwater","2023-05-15"
"PL22_0307abeuvi","PL22_0307","Hypoplectrus aberrans","US Virgin Islands","St John","Haulover South, left","in situ photography","PL22_0307abeuvi-l3.CR2","18.345567","-64.680308","underwater","2023-05-15"
"PL22_0308niguvi","PL22_0308","Hypoplectrus nigricans","US Virgin Islands","St John","Haulover South, left","in situ photography","PL22_0308niguvi-l6.CR2","18.345567","-64.680308","underwater","2023-05-15"
"PL22_0309induvi","PL22_0309","Hypoplectrus indigo","US Virgin Islands","St John","Haulover South, right","in situ photography","PL22_0309induvi-l10.CR2","18.346116","-64.681029","underwater","2023-05-15"
"PL22_0310pueuvi","PL22_0310","Hypoplectrus puella","US Virgin Islands","St John","Haulover South, right","in situ photography","PL22_0310pueuvi-l4.CR2","18.346116","-64.681029","underwater","2023-05-15"
"PL22_0311niguvi","PL22_0311","Hypoplectrus nigricans","US Virgin Islands","St John","Haulover South, right","in situ photography","PL22_0311niguvi-l1.CR2","18.346116","-64.681029","underwater","2023-05-15"
"PL22_0312niguvi","PL22_0312","Hypoplectrus nigricans","US Virgin Islands","St John","Haulover South, right","in situ photography","PL22_0312niguvi-l6.CR2","18.346116","-64.681029","underwater","2023-05-15"
"PL22_0313niguvi","PL22_0313","Hypoplectrus nigricans","US Virgin Islands","St John","Haulover South, right","in situ photography","PL22_0313niguvi-l3.CR2","18.346116","-64.681029","underwater","2023-05-15"
"PL22_0314niguvi","PL22_0314","Hypoplectrus nigricans","US Virgin Islands","St John","Haulover South, right","in situ photography","PL22_0314niguvi-l5.CR2","18.346116","-64.681029","underwater","2023-05-15"
"PL22_0315uniuvi","PL22_0315","Hypoplectrus unicolor","US Virgin Islands","St John","Haulover South, right","in situ photography","PL22_0315uniuvi-l2.CR2","18.346116","-64.681029","underwater","2023-05-15"
"PL22_0316pueuvi","PL22_0316","Hypoplectrus puella","US Virgin Islands","St John","Haulover South, right","in situ photography","PL22_0316pueuvi-l9.CR2","18.346116","-64.681029","underwater","2023-05-15"
"PL22_0317niguvi","PL22_0317","Hypoplectrus nigricans","US Virgin Islands","St John","Haulover South, right","in situ photography","PL22_0317niguvi-l5.CR2","18.346116","-64.681029","underwater","2023-05-15"
"PL22_0318niguvi","PL22_0318","Hypoplectrus nigricans","US Virgin Islands","St John","Haulover South, right","in situ photography","PL22_0318niguvi-l2.CR2","18.346116","-64.681029","underwater","2023-05-15"
"PL22_0319uniuvi","PL22_0319","Hypoplectrus unicolor","US Virgin Islands","St John","Haulover South, right","in situ photography","PL22_0319uniuvi-l2.CR2","18.346116","-64.681029","underwater","2023-05-15"
"PL22_0320uniuvi","PL22_0320","Hypoplectrus unicolor","US Virgin Islands","St John","Haulover South, right","in situ photography","PL22_0320uniuvi-l1.CR2","18.346116","-64.681029","underwater","2023-05-15"
"PL22_0321uniuvi","PL22_0321","Hypoplectrus unicolor","US Virgin Islands","St John","Haulover South, right","in situ photography","PL22_0321uniuvi-l3.CR2","18.346116","-64.681029","underwater","2023-05-15"
"PL22_0322pueuvi","PL22_0322","Hypoplectrus puella","US Virgin Islands","St John","Haulover South, right","in situ photography","PL22_0322pueuvi-l4.CR2","18.346116","-64.681029","underwater","2023-05-15"
"PL22_0323uniuvi","PL22_0323","Hypoplectrus unicolor","US Virgin Islands","St John","Haulover South, right","in situ photography","PL22_0323uniuvi-l2.CR2","18.346116","-64.681029","underwater","2023-05-15"
"PL22_0324pueuvi","PL22_0324","Hypoplectrus puella","US Virgin Islands","St John","Haulover South, right","in situ photography","PL22_0324pueuvi-l2.CR2","18.346116","-64.681029","underwater","2023-05-15"
"PL22_0325pueuvi","PL22_0325","Hypoplectrus puella","US Virgin Islands","St John","Haulover South, left","in situ photography","PL22_0325pueuvi-l2.CR2","18.345567","-64.680308","underwater","2023-05-16"
"PL22_0326pueuvi","PL22_0326","Hypoplectrus puella","US Virgin Islands","St John","Haulover South, left","in situ photography","PL22_0326pueuvi-l5.CR2","18.345567","-64.680308","underwater","2023-05-16"
"PL22_0327uniuvi","PL22_0327","Hypoplectrus unicolor","US Virgin Islands","St John","Haulover South, left","in situ photography","PL22_0327uniuvi-l4.CR2","18.345567","-64.680308","underwater","2023-05-16"
"PL22_0328niguvi","PL22_0328","Hypoplectrus nigricans","US Virgin Islands","St John","Haulover South, left","in situ photography","PL22_0328niguvi-l4.CR2","18.345567","-64.680308","underwater","2023-05-16"
"PL22_0329niguvi","PL22_0329","Hypoplectrus nigricans","US Virgin Islands","St John","Haulover South, left","in situ photography","PL22_0329niguvi-l3.CR2","18.345567","-64.680308","underwater","2023-05-16"
"PL22_0330induvi","PL22_0330","Hypoplectrus indigo","US Virgin Islands","St John","Haulover South, left","in situ photography","PL22_0330induvi-l4.CR2","18.345567","-64.680308","underwater","2023-05-16"
"PL22_0331induvi","PL22_0331","Hypoplectrus indigo","US Virgin Islands","St John","Haulover South, left","in situ photography","PL22_0331induvi-l4.CR2","18.345567","-64.680308","underwater","2023-05-16"
"PL22_0332pueuvi","PL22_0332","Hypoplectrus puella","US Virgin Islands","St John","Haulover South, left","in situ photography","PL22_0332pueuvi-l5.CR2","18.345567","-64.680308","underwater","2023-05-16"
"PL22_0333pueuvi","PL22_0333","Hypoplectrus puella","US Virgin Islands","St John","Haulover South, left","in situ photography","PL22_0333pueuvi-l4.CR2","18.345567","-64.680308","underwater","2023-05-16"
"PL22_0334niguvi","PL22_0334","Hypoplectrus nigricans","US Virgin Islands","St John","Haulover South, left","in situ photography","PL22_0334niguvi-l3.CR2","18.345567","-64.680308","underwater","2023-05-16"
"PL22_0335uniuvi","PL22_0335","Hypoplectrus unicolor","US Virgin Islands","St John","Haulover South, left","in situ photography","PL22_0335uniuvi-l5.CR2","18.345567","-64.680308","underwater","2023-05-16"
"PL22_0336pueuvi","PL22_0336","Hypoplectrus puella","US Virgin Islands","St John","Haulover South, left","in situ photography","PL22_0336pueuvi-l2.CR2","18.345567","-64.680308","underwater","2023-05-16"
"PL22_0337niguvi","PL22_0337","Hypoplectrus nigricans","US Virgin Islands","St John","Haulover South, left","in situ photography","PL22_0337niguvi-l1.CR2","18.345567","-64.680308","underwater","2023-05-16"
"PL22_0338pueuvi","PL22_0338","Hypoplectrus puella","US Virgin Islands","St John","Haulover South, left","in situ photography","PL22_0338pueuvi-l3.CR2","18.345567","-64.680308","underwater","2023-05-16"
"PL22_0339niguvi","PL22_0339","Hypoplectrus nigricans","US Virgin Islands","St John","Haulover South, left","in situ photography","PL22_0339niguvi-l4.CR2","18.345567","-64.680308","underwater","2023-05-16"
"PL22_0340uniuvi","PL22_0340","Hypoplectrus unicolor","US Virgin Islands","St John","Haulover South, right","in situ photography","PL22_0340uniuvi-l5.CR2","18.346116","-64.681029","underwater","2023-05-16"
"PL22_0341niguvi","PL22_0341","Hypoplectrus nigricans","US Virgin Islands","St John","Haulover South, right","in situ photography","PL22_0341niguvi-l4.CR2","18.346116","-64.681029","underwater","2023-05-16"
"PL22_0342niguvi","PL22_0342","Hypoplectrus nigricans","US Virgin Islands","St John","Haulover South, right","in situ photography","PL22_0342niguvi-l4.CR2","18.346116","-64.681029","underwater","2023-05-16"
"PL22_0343pueuvi","PL22_0343","Hypoplectrus puella","US Virgin Islands","St John","Haulover South, right","in situ photography","PL22_0343pueuvi-l5.CR2","18.346116","-64.681029","underwater","2023-05-16"
"PL22_0344pueuvi","PL22_0344","Hypoplectrus puella","US Virgin Islands","St John","Haulover South, right","in situ photography","PL22_0344pueuvi-l1.CR2","18.346116","-64.681029","underwater","2023-05-16"
"PL22_0345pueuvi","PL22_0345","Hypoplectrus puella","US Virgin Islands","St John","Haulover South, right","in situ photography","PL22_0345pueuvi-l1.CR2","18.346116","-64.681029","underwater","2023-05-16"
"PL22_0346niguvi","PL22_0346","Hypoplectrus nigricans","US Virgin Islands","St John","Haulover South, right","in situ photography","PL22_0346niguvi-l6.CR2","18.346116","-64.681029","underwater","2023-05-16"
"PL22_0347uniuvi","PL22_0347","Hypoplectrus unicolor","US Virgin Islands","St John","Haulover South, right","in situ photography","PL22_0347uniuvi-l4.CR2","18.346116","-64.681029","underwater","2023-05-16"
"PL22_0348pueuvi","PL22_0348","Hypoplectrus puella","US Virgin Islands","St John","Haulover South, right","in situ photography","PL22_0348pueuvi-l4.CR2","18.346116","-64.681029","underwater","2023-05-16"
"PL22_0349induvi","PL22_0349","Hypoplectrus indigo","US Virgin Islands","St John","Haulover South, right","in situ photography","PL22_0349induvi-l1.CR2","18.346116","-64.681029","underwater","2023-05-16"
"PL22_0350pueuvi","PL22_0350","Hypoplectrus puella","US Virgin Islands","St John","Haulover South, right","in situ photography","PL22_0350pueuvi-l5.CR2","18.346116","-64.681029","underwater","2023-05-16"
"PL22_0351pueuvi","PL22_0351","Hypoplectrus puella","US Virgin Islands","St John","Haulover South, right","in situ photography","PL22_0351pueuvi-l5.CR2","18.346116","-64.681029","underwater","2023-05-16"
"PL22_0352uniuvi","PL22_0352","Hypoplectrus unicolor","US Virgin Islands","St John","Haulover South, right","in situ photography","PL22_0352uniuvi-l2.CR2","18.346116","-64.681029","underwater","2023-05-16"
"PL22_0353pueuvi","PL22_0353","Hypoplectrus puella","US Virgin Islands","St John","Haulover South, right","in situ photography","PL22_0353pueuvi-l3.CR2","18.346116","-64.681029","underwater","2023-05-16"
"PL22_0354uniuvi","PL22_0354","Hypoplectrus unicolor","US Virgin Islands","St John","Haulover South, right","in situ photography","PL22_0354uniuvi-l5.CR2","18.346116","-64.681029","underwater","2023-05-17"
"PL22_0355induvi","PL22_0355","Hypoplectrus indigo","US Virgin Islands","St John","Haulover South, right","in situ photography","PL22_0355induvi-l5.CR2","18.346116","-64.681029","underwater","2023-05-17"
"PL22_0356uniuvi","PL22_0356","Hypoplectrus unicolor","US Virgin Islands","St John","Haulover South, right","in situ photography","PL22_0356uniuvi-l5.CR2","18.346116","-64.681029","underwater","2023-05-17"
"PL22_0357pueuvi","PL22_0357","Hypoplectrus puella","US Virgin Islands","St John","Haulover South, right","in situ photography","PL22_0357pueuvi-l5.CR2","18.346116","-64.681029","underwater","2023-05-17"
"PL22_0358induvi","PL22_0358","Hypoplectrus indigo","US Virgin Islands","St John","Haulover South, right","in situ photography","PL22_0358induvi-l5.CR2","18.346116","-64.681029","underwater","2023-05-17"
"PL22_0359pueuvi","PL22_0359","Hypoplectrus puella","US Virgin Islands","St John","Haulover South, right","in situ photography","PL22_0359pueuvi-l1.CR2","18.346116","-64.681029","underwater","2023-05-17"
"PL22_0360pueuvi","PL22_0360","Hypoplectrus puella","US Virgin Islands","St John","Haulover South, right","in situ photography","PL22_0360pueuvi-l2.CR2","18.346116","-64.681029","underwater","2023-05-17"
"PL22_0361uniuvi","PL22_0361","Hypoplectrus unicolor","US Virgin Islands","St John","Haulover South, right","in situ photography","PL22_0361uniuvi-l5.CR2","18.346116","-64.681029","underwater","2023-05-17"
"PL22_0362abeuvi","PL22_0362","Hypoplectrus aberrans","US Virgin Islands","St John","Haulover South, right","in situ photography","PL22_0362abeuvi-l6.CR2","18.346116","-64.681029","underwater","2023-05-17"
"PL22_0363abeuvi","PL22_0363","Hypoplectrus aberrans","US Virgin Islands","St John","Haulover South, right","in situ photography","PL22_0363abeuvi-l4.CR2","18.346116","-64.681029","underwater","2023-05-17"
"PL22_0364pueuvi","PL22_0364","Hypoplectrus puella","US Virgin Islands","St John","Haulover South, right","in situ photography","PL22_0364pueuvi-l5.CR2","18.346116","-64.681029","underwater","2023-05-17"
"PL22_0365niguvi","PL22_0365","Hypoplectrus nigricans","US Virgin Islands","St John","Haulover South, right","in situ photography","PL22_0365niguvi-l6.CR2","18.346116","-64.681029","underwater","2023-05-17"
"PL22_0366niguvi","PL22_0366","Hypoplectrus nigricans","US Virgin Islands","St John","Haulover South, left","in situ photography","PL22_0366niguvi-l1.CR2","18.345567","-64.680308","underwater","2023-05-17"
"PL22_0367abeuvi","PL22_0367","Hypoplectrus aberrans","US Virgin Islands","St John","Haulover South, left","in situ photography","PL22_0367abeuvi-l3.CR2","18.345567","-64.680308","underwater","2023-05-17"
"PL22_0368abeuvi","PL22_0368","Hypoplectrus aberrans","US Virgin Islands","St John","Haulover South, left","in situ photography","PL22_0368abeuvi-l4.CR2","18.345567","-64.680308","underwater","2023-05-17"
"PL22_0369abeuvi","PL22_0369","Hypoplectrus aberrans","US Virgin Islands","St John","Haulover South, left","in situ photography","PL22_0369abeuvi-l7.CR2","18.345567","-64.680308","underwater","2023-05-17"
"PL22_0370abeuvi","PL22_0370","Hypoplectrus aberrans","US Virgin Islands","St John","Haulover South, left","in situ photography","PL22_0370abeuvi-l8.CR2","18.345567","-64.680308","underwater","2023-05-17"
"PL22_0371pueuvi","PL22_0371","Hypoplectrus puella","US Virgin Islands","St John","Haulover South, left","in situ photography","PL22_0371pueuvi-l2.CR2","18.345567","-64.680308","underwater","2023-05-17"
"PL22_0372induvi","PL22_0372","Hypoplectrus indigo","US Virgin Islands","St John","Haulover South, left","in situ photography","PL22_0372induvi-l3.CR2","18.345567","-64.680308","underwater","2023-05-17"
"PL22_0373induvi","PL22_0373","Hypoplectrus indigo","US Virgin Islands","St John","Haulover South, left","in situ photography","PL22_0373induvi-l1.CR2","18.345567","-64.680308","underwater","2023-05-17"
"PL22_0374abeuvi","PL22_0374","Hypoplectrus aberrans","US Virgin Islands","St John","Haulover South, left","in situ photography","PL22_0374abeuvi-l2.CR2","18.345567","-64.680308","underwater","2023-05-17"
"PL22_0375abeuvi","PL22_0375","Hypoplectrus aberrans","US Virgin Islands","St John","Haulover South, left","in situ photography","PL22_0375abeuvi-l6.CR2","18.345567","-64.680308","underwater","2023-05-17"
"PL22_0376abeuvi","PL22_0376","Hypoplectrus aberrans","US Virgin Islands","St John","Haulover South, left","in situ photography","PL22_0376abeuvi-l5.CR2","18.345567","-64.680308","underwater","2023-05-17"
"PL22_0377abeuvi","PL22_0377","Hypoplectrus aberrans","US Virgin Islands","St John","Tektite","in situ photography","PL22_0377abeuvi-l1.CR2","18.308848","-64.723145","underwater","2023-05-18"
"PL22_0378pueuvi","PL22_0378","Hypoplectrus puella","US Virgin Islands","St John","Tektite","in situ photography","PL22_0378pueuvi-l2.CR2","18.308848","-64.723145","underwater","2023-05-18"
"PL22_0379pueuvi","PL22_0379","Hypoplectrus puella","US Virgin Islands","St John","Tektite","in situ photography","PL22_0379pueuvi-l7.CR2","18.308848","-64.723145","underwater","2023-05-18"
"PL22_0380abeuvi","PL22_0380","Hypoplectrus aberrans","US Virgin Islands","St John","Tektite","in situ photography","PL22_0380abeuvi-l10.CR2","18.308848","-64.723145","underwater","2023-05-18"
"PL22_0381abeuvi","PL22_0381","Hypoplectrus aberrans","US Virgin Islands","St John","Tektite","in situ photography","PL22_0381abeuvi-l2.CR2","18.308848","-64.723145","underwater","2023-05-18"
"PL22_0382niguvi","PL22_0382","Hypoplectrus nigricans","US Virgin Islands","St John","Tektite","in situ photography","PL22_0382niguvi-l1.CR2","18.308848","-64.723145","underwater","2023-05-18"
"PL22_0383niguvi","PL22_0383","Hypoplectrus nigricans","US Virgin Islands","St John","Tektite","in situ photography","PL22_0383niguvi-l11.CR2","18.308848","-64.723145","underwater","2023-05-18"
"PL22_0384abeuvi","PL22_0384","Hypoplectrus aberrans","US Virgin Islands","St John","Tektite","in situ photography","PL22_0384abeuvi-l5.CR2","18.308848","-64.723145","underwater","2023-05-18"
"PL22_0385niguvi","PL22_0385","Hypoplectrus nigricans","US Virgin Islands","St John","Tektite","in situ photography","PL22_0385niguvi-l1.CR2","18.308848","-64.723145","underwater","2023-05-18"
"PL22_0386abeuvi","PL22_0386","Hypoplectrus aberrans","US Virgin Islands","St John","Tektite","in situ photography","PL22_0386abeuvi-l6.CR2","18.308848","-64.723145","underwater","2023-05-18"
"PL22_0387abeuvi","PL22_0387","Hypoplectrus aberrans","US Virgin Islands","St John","Tektite","in situ photography","PL22_0387abeuvi-l2.CR2","18.308848","-64.723145","underwater","2023-05-18"
"PL22_0388niguvi","PL22_0388","Hypoplectrus nigricans","US Virgin Islands","St John","Tektite","in situ photography","PL22_0388niguvi-l1.CR2","18.308848","-64.723145","underwater","2023-05-18"
"PL22_0389abeuvi","PL22_0389","Hypoplectrus aberrans","US Virgin Islands","St John","Tektite","in situ photography","PL22_0389abeuvi-l5.CR2","18.308848","-64.723145","underwater","2023-05-18"
"PL22_0390induvi","PL22_0390","Hypoplectrus indigo","US Virgin Islands","St John","Coral gardens, Grass Cay","in situ photography","PL22_0390induvi-l2.CR2","18.3563314","-64.8372886","underwater","2023-05-21"
"PL22_0391chluvi","PL22_0391","Hypoplectrus chlorurus","US Virgin Islands","St John","Coral gardens, Grass Cay","in situ photography","PL22_0391chluvi-l3.CR2","18.3563314","-64.8372886","underwater","2023-05-21"
"PL22_0392chluvi","PL22_0392","Hypoplectrus chlorurus","US Virgin Islands","St John","Coral gardens, Grass Cay","in situ photography","PL22_0392chluvi-l7.CR2","18.3563314","-64.8372886","underwater","2023-05-21"
"PL22_0393chluvi","PL22_0393","Hypoplectrus chlorurus","US Virgin Islands","St John","Coral gardens, Grass Cay","in situ photography","PL22_0393chluvi-l5.CR2","18.3563314","-64.8372886","underwater","2023-05-21"
"PL22_0394chluvi","PL22_0394","Hypoplectrus chlorurus","US Virgin Islands","St John","Coral gardens, Grass Cay","in situ photography","PL22_0394chluvi-l1.CR2","18.3563314","-64.8372886","underwater","2023-05-21"
"PL22_0395abeuvi","PL22_0395","Hypoplectrus aberrans","US Virgin Islands","St John","Coral gardens, Grass Cay","in situ photography","PL22_0395abeuvi-l3.CR2","18.3563314","-64.8372886","underwater","2023-05-21"
"PL22_0396chluvi","PL22_0396","Hypoplectrus chlorurus","US Virgin Islands","St John","Coral gardens, Grass Cay","in situ photography","PL22_0396chluvi-l2.CR2","18.3563314","-64.8372886","underwater","2023-05-21"
"PL22_0397chluvi","PL22_0397","Hypoplectrus chlorurus","US Virgin Islands","St John","Coral gardens, Grass Cay","in situ photography","PL22_0397chluvi-l8.CR2","18.3563314","-64.8372886","underwater","2023-05-21"
"PL22_0398chluvi","PL22_0398","Hypoplectrus chlorurus","US Virgin Islands","St John","Coral gardens, Grass Cay","in situ photography","PL22_0398chluvi-l1.CR2","18.3563314","-64.8372886","underwater","2023-05-21"
"PL22_0399chluvi","PL22_0399","Hypoplectrus chlorurus","US Virgin Islands","St John","Coral gardens, Grass Cay","in situ photography","PL22_0399chluvi-l6.CR2","18.3563314","-64.8372886","underwater","2023-05-21"
"PL22_0400gutuvi","PL22_0400","Hypoplectrus guttavarius","US Virgin Islands","St John","Two Palms, Grass Cay","in situ photography","PL22_0400gutuvi-l2.CR2","18.3581856","-64.8302270","underwater","2023-05-21"
"PL22_0401niguvi","PL22_0401","Hypoplectrus nigricans","US Virgin Islands","St John","Two Palms, Grass Cay","in situ photography","PL22_0401niguvi-l3.CR2","18.3581856","-64.8302270","underwater","2023-05-21"
"PL22_0402induvi","PL22_0402","Hypoplectrus indigo","US Virgin Islands","St John","Two Palms, Grass Cay","in situ photography","PL22_0402induvi-l5.CR2","18.3581856","-64.8302270","underwater","2023-05-21"
"PL22_0403chluvi","PL22_0403","Hypoplectrus chlorurus","US Virgin Islands","St John","Two Palms, Grass Cay","in situ photography","PL22_0403chluvi-l5.CR2","18.3581856","-64.8302270","underwater","2023-05-21"
"PL22_0404chluvi","PL22_0404","Hypoplectrus chlorurus","US Virgin Islands","St John","Two Palms, Grass Cay","in situ photography","PL22_0404chluvi-l5.CR2","18.3581856","-64.8302270","underwater","2023-05-21"
"PL22_0405chluvi","PL22_0405","Hypoplectrus chlorurus","US Virgin Islands","St John","Two Palms, Grass Cay","in situ photography","PL22_0405chluvi-l2.CR2","18.3581856","-64.8302270","underwater","2023-05-21"
"PL22_0406chluvi","PL22_0406","Hypoplectrus chlorurus","US Virgin Islands","St John","Two Palms, Grass Cay","in situ photography","PL22_0406chluvi-l2.CR2","18.3581856","-64.8302270","underwater","2023-05-21"
"PL22_0407chluvi","PL22_0407","Hypoplectrus chlorurus","US Virgin Islands","St John","Two Palms, Grass Cay","in situ photography","PL22_0407chluvi-l5.CR2","18.3581856","-64.8302270","underwater","2023-05-21"
"PL22_0408induvi","PL22_0408","Hypoplectrus indigo","US Virgin Islands","St John","Two Palms, Grass Cay","in situ photography","PL22_0408induvi-l3.CR2","18.3581856","-64.8302270","underwater","2023-05-21"
"PL22_0409chluvi","PL22_0409","Hypoplectrus chlorurus","US Virgin Islands","St John","Two Palms, Grass Cay","in situ photography","PL22_0409chluvi-l10.CR2","18.3581856","-64.8302270","underwater","2023-05-21"
"PL22_0410chluvi","PL22_0410","Hypoplectrus chlorurus","US Virgin Islands","St John","Two Palms, Grass Cay","in situ photography","PL22_0410chluvi-l4.CR2","18.3581856","-64.8302270","underwater","2023-05-21"
"PL22_0411chluvi","PL22_0411","Hypoplectrus chlorurus","US Virgin Islands","St John","Two Palms, Grass Cay","in situ photography","PL22_0411chluvi-l6.CR2","18.3581856","-64.8302270","underwater","2023-05-21"
"PL22_0412induvi","PL22_0412","Hypoplectrus indigo","US Virgin Islands","St John","Two Palms, Grass Cay","in situ photography","PL22_0412induvi-l4.CR2","18.3581856","-64.8302270","underwater","2023-05-21"
"PL22_0413uniuvi","PL22_0413","Hypoplectrus unicolor","US Virgin Islands","St John","Two Palms, Grass Cay","in situ photography","PL22_0413uniuvi-l3.CR2","18.3581856","-64.8302270","underwater","2023-05-21"
"PL22_0414chluvi","PL22_0414","Hypoplectrus chlorurus","US Virgin Islands","St John","Two Palms, Grass Cay","in situ photography","PL22_0414chluvi-l1.CR2","18.3581856","-64.8302270","underwater","2023-05-21"
"PL22_0415chluvi","PL22_0415","Hypoplectrus chlorurus","US Virgin Islands","St John","Two Palms, Grass Cay","in situ photography","PL22_0415chluvi-l3.CR2","18.3581856","-64.8302270","underwater","2023-05-21"
"PL22_0416chluvi","PL22_0416","Hypoplectrus chlorurus","US Virgin Islands","St John","Two Palms, Grass Cay","in situ photography","PL22_0416chluvi-l2.CR2","18.3581856","-64.8302270","underwater","2023-05-21"
"PL22_0417chluvi","PL22_0417","Hypoplectrus chlorurus","US Virgin Islands","St John","Two Palms, Grass Cay","in situ photography","PL22_0417chluvi-l5.CR2","18.3581856","-64.8302270","underwater","2023-05-21"
"PL22_0418uniuvi","PL22_0418","Hypoplectrus unicolor","US Virgin Islands","St John","Mingo Cay","in situ photography","PL22_0418uniuvi-l1.CR2","18.358139","-64.819172","underwater","2023-05-21"
"PL22_0419induvi","PL22_0419","Hypoplectrus indigo","US Virgin Islands","St John","Mingo Cay","in situ photography","PL22_0419induvi-l4.CR2","18.358139","-64.819172","underwater","2023-05-21"
"PL22_0420uniuvi","PL22_0420","Hypoplectrus unicolor","US Virgin Islands","St John","Mingo Cay","in situ photography","PL22_0420uniuvi-l4.CR2","18.358139","-64.819172","underwater","2023-05-21"
"PL22_0421uniuvi","PL22_0421","Hypoplectrus unicolor","US Virgin Islands","St John","Mingo Cay","in situ photography","PL22_0421uniuvi-l4.CR2","18.358139","-64.819172","underwater","2023-05-21"
"PL22_0422induvi","PL22_0422","Hypoplectrus indigo","US Virgin Islands","St John","Mingo Cay","in situ photography","PL22_0422induvi-l2.CR2","18.358139","-64.819172","underwater","2023-05-21"
"PL22_0423uniuvi","PL22_0423","Hypoplectrus unicolor","US Virgin Islands","St John","Mingo Cay","in situ photography","PL22_0423uniuvi-l5.CR2","18.358139","-64.819172","underwater","2023-05-21"
"PL22_0424uniuvi","PL22_0424","Hypoplectrus unicolor","US Virgin Islands","St John","Mingo Cay","in situ photography","PL22_0424uniuvi-l3.CR2","18.358139","-64.819172","underwater","2023-05-21"
"PL22_0425pueuvi","PL22_0425","Hypoplectrus puella","US Virgin Islands","St John","Haulover North","in situ photography","PL22_0425pueuvi-l5.CR2","18.348502","-64.679083","underwater","2023-05-22"
"PL22_0426pueuvi","PL22_0426","Hypoplectrus puella","US Virgin Islands","St John","Haulover North","in situ photography","PL22_0426pueuvi-l2.CR2","18.348502","-64.679083","underwater","2023-05-22"
"PL22_0427induvi","PL22_0427","Hypoplectrus indigo","US Virgin Islands","St John","Haulover North","in situ photography","PL22_0427induvi-l5.CR2","18.348502","-64.679083","underwater","2023-05-22"
"PL22_0428pueuvi","PL22_0428","Hypoplectrus puella","US Virgin Islands","St John","Haulover North","in situ photography","PL22_0428pueuvi-l2.CR2","18.348502","-64.679083","underwater","2023-05-22"
"PL22_0429pueuvi","PL22_0429","Hypoplectrus puella","US Virgin Islands","St John","Haulover North","in situ photography","PL22_0429pueuvi-l4.CR2","18.348502","-64.679083","underwater","2023-05-22"
"PL22_0430pueuvi","PL22_0430","Hypoplectrus puella","US Virgin Islands","St John","Haulover North","in situ photography","PL22_0430pueuvi-l4.CR2","18.348502","-64.679083","underwater","2023-05-22"
"PL22_0431pueuvi","PL22_0431","Hypoplectrus puella","US Virgin Islands","St John","Great Lameshur, under Alasdair boat","in situ photography","PL22_0431pueuvi-l2.CR2","18.313278","-64.722958","underwater","2023-05-23"
"PL22_0432induvi","PL22_0432","Hypoplectrus indigo","US Virgin Islands","St John","Great Lameshur, under Alasdair boat","in situ photography","PL22_0432induvi-l4.CR2","18.313278","-64.722958","underwater","2023-05-23"
"PL22_0433induvi","PL22_0433","Hypoplectrus indigo","US Virgin Islands","St John","Great Lameshur, under Alasdair boat","in situ photography","PL22_0433induvi-l4.CR2","18.313278","-64.722958","underwater","2023-05-23"
"PL22_0434induvi","PL22_0434","Hypoplectrus indigo","US Virgin Islands","St John","Mary Creek","in situ photography","PL22_0434induvi-l4.CR2","18.366521","-64.734384","underwater","2023-05-26"
"PL22_0435induvi","PL22_0435","Hypoplectrus indigo","US Virgin Islands","St John","Mary Creek","in situ photography","PL22_0435induvi-l3.CR2","18.366521","-64.734384","underwater","2023-05-26"
"PL22_0436induvi","PL22_0436","Hypoplectrus indigo","US Virgin Islands","St John","Mary Creek","in situ photography","PL22_0436induvi-l2.CR2","18.366521","-64.734384","underwater","2023-05-26"
"PL22_0462atlver","PL22_0462","Hypoplectrus atlahua","Mexico","Veracruz","La Ancla","in situ photography","PL22_0462atlver-l1.CR2","19.223222","-96.047806","underwater","2023-06-08"
"PL22_0463atlver","PL22_0463","Hypoplectrus atlahua","Mexico","Veracruz","La Lagrima","in situ photography","PL22_0463atlver-l10.CR2","19.200136","-96.065086","underwater","2023-06-08"
"PL22_0464casver","PL22_0464","Hypoplectrus castroaguirrei","Mexico","Veracruz","La Lagrima","in situ photography","PL22_0464casver-l5.CR2","19.200136","-96.065086","underwater","2023-06-08"
"PL22_0465casver","PL22_0465","Hypoplectrus castroaguirrei","Mexico","Veracruz","Isla Verde, La Cathedral","in situ photography","PL22_0465casver-l6.CR2","19.206806","-96.073722","underwater","2023-06-08"
"PL22_0466casver","PL22_0466","Hypoplectrus castroaguirrei","Mexico","Veracruz","Isla Verde, La Cathedral","in situ photography","PL22_0466casver-l6.CR2","19.206806","-96.073722","underwater","2023-06-08"
"PL22_0467atlver","PL22_0467","Hypoplectrus atlahua","Mexico","Veracruz","Isla Verde, La Cathedral","in situ photography","PL22_0467atlver-l4.CR2","19.206806","-96.073722","underwater","2023-06-08"
"PL22_0468casver","PL22_0468","Hypoplectrus castroaguirrei","Mexico","Veracruz","Isla Verde, La Cathedral","in situ photography","PL22_0468casver-l6.CR2","19.206806","-96.073722","underwater","2023-06-08"
"PL22_0469casver","PL22_0469","Hypoplectrus castroaguirrei","Mexico","Veracruz","Isla Verde, La Cathedral","in situ photography","PL22_0469casver-l3.CR2","19.206806","-96.073722","underwater","2023-06-08"
"PL22_0470casver","PL22_0470","Hypoplectrus castroaguirrei","Mexico","Veracruz","Isla Verde, La Cathedral","in situ photography","PL22_0470casver-l4.CR2","19.206806","-96.073722","underwater","2023-06-08"
"PL22_0471casver","PL22_0471","Hypoplectrus castroaguirrei","Mexico","Veracruz","Isla Verde, La Cathedral","in situ photography","PL22_0471casver-l4.CR2","19.206806","-96.073722","underwater","2023-06-08"
"PL22_0472casver","PL22_0472","Hypoplectrus castroaguirrei","Mexico","Veracruz","Isla Verde, La Cathedral","in situ photography","PL22_0472casver-l6.CR2","19.206806","-96.073722","underwater","2023-06-08"
"PL22_0473casver","PL22_0473","Hypoplectrus castroaguirrei","Mexico","Veracruz","Isla Verde, La Cathedral","in situ photography","PL22_0473casver-l1.CR2","19.206806","-96.073722","underwater","2023-06-08"
"PL22_0474casver","PL22_0474","Hypoplectrus castroaguirrei","Mexico","Veracruz","Isla Verde, La Cathedral","in situ photography","PL22_0474casver-l3.CR2","19.206806","-96.073722","underwater","2023-06-08"
"PL22_0475casver","PL22_0475","Hypoplectrus castroaguirrei","Mexico","Veracruz","Isla Verde, La Cathedral","in situ photography","PL22_0475casver-l4.CR2","19.206806","-96.073722","underwater","2023-06-08"
"PL22_0476casver","PL22_0476","Hypoplectrus castroaguirrei","Mexico","Veracruz","Isla Verde, La Cathedral","in situ photography","PL22_0476casver-l7.CR2","19.206806","-96.073722","underwater","2023-06-08"
"PL22_0477atlver","PL22_0477","Hypoplectrus atlahua","Mexico","Veracruz","Isla Verde, La Cathedral","in situ photography","PL22_0477atlver-l10.CR2","19.206806","-96.073722","underwater","2023-06-09"
"PL22_0478casver","PL22_0478","Hypoplectrus castroaguirrei","Mexico","Veracruz","Isla Verde, La Cathedral","in situ photography","PL22_0478casver-l2.CR2","19.206806","-96.073722","underwater","2023-06-09"
"PL22_0479atlver","PL22_0479","Hypoplectrus atlahua","Mexico","Veracruz","Isla Verde, La Cathedral","in situ photography","PL22_0479atlver-l11.CR2","19.206806","-96.073722","underwater","2023-06-09"
"PL22_0480atlver","PL22_0480","Hypoplectrus atlahua","Mexico","Veracruz","Isla Verde, La Cathedral","in situ photography","PL22_0480atlver-l13.CR2","19.206806","-96.073722","underwater","2023-06-09"
"PL22_0481atlver","PL22_0481","Hypoplectrus atlahua","Mexico","Veracruz","Isla Verde, La Cathedral","in situ photography","PL22_0481atlver-l2.CR2","19.206806","-96.073722","underwater","2023-06-09"
"PL22_0482atlver","PL22_0482","Hypoplectrus atlahua","Mexico","Veracruz","Isla Verde, La Cathedral","in situ photography","PL22_0482atlver-l4.CR2","19.206806","-96.073722","underwater","2023-06-09"
"PL22_0483atlver","PL22_0483","Hypoplectrus atlahua","Mexico","Veracruz","Isla Verde, La Cathedral","in situ photography","PL22_0483atlver-l6.CR2","19.206806","-96.073722","underwater","2023-06-09"
"PL22_0484casver","PL22_0484","Hypoplectrus castroaguirrei","Mexico","Veracruz","Isla Verde, La Cathedral","in situ photography","PL22_0484casver-l2.CR2","19.206806","-96.073722","underwater","2023-06-09"
"PL22_0485casver","PL22_0485","Hypoplectrus castroaguirrei","Mexico","Veracruz","Isla Verde, La Cathedral","in situ photography","PL22_0485casver-l5.CR2","19.206806","-96.073722","underwater","2023-06-09"
"PL22_0486casver","PL22_0486","Hypoplectrus castroaguirrei","Mexico","Veracruz","Isla Verde, La Cathedral","in situ photography","PL22_0486casver-l4.CR2","19.206806","-96.073722","underwater","2023-06-09"
"PL22_0487casver","PL22_0487","Hypoplectrus castroaguirrei","Mexico","Veracruz","Isla Verde, La Cathedral","in situ photography","PL22_0487casver-l1.CR2","19.206806","-96.073722","underwater","2023-06-09"
"PL22_0488atlver","PL22_0488","Hypoplectrus atlahua","Mexico","Veracruz","Isla Verde, La Cathedral","in situ photography","PL22_0488atlver-l6.CR2","19.206806","-96.073722","underwater","2023-06-09"
"PL22_0489atlver","PL22_0489","Hypoplectrus atlahua","Mexico","Veracruz","Isla Verde, La Cathedral","in situ photography","PL22_0489atlver-l5.CR2","19.206806","-96.073722","underwater","2023-06-09"
"PL22_0490atlver","PL22_0490","Hypoplectrus atlahua","Mexico","Veracruz","Isla Verde, La Cathedral","in situ photography","PL22_0490atlver-l2.CR2","19.206806","-96.073722","underwater","2023-06-09"
"PL22_0491atlver","PL22_0491","Hypoplectrus atlahua","Mexico","Veracruz","Isla Verde, La Cathedral","in situ photography","PL22_0491atlver-l4.CR2","19.206806","-96.073722","underwater","2023-06-09"
"PL22_0492atlver","PL22_0492","Hypoplectrus atlahua","Mexico","Veracruz","Isla Verde, La Cathedral","in situ photography","PL22_0492atlver-l5.CR2","19.206806","-96.073722","underwater","2023-06-09"
"PL22_0493casver","PL22_0493","Hypoplectrus castroaguirrei","Mexico","Veracruz","Isla Verde, La Cathedral","in situ photography","PL22_0493casver-l6.CR2","19.206806","-96.073722","underwater","2023-06-09"
"PL22_0494casver","PL22_0494","Hypoplectrus castroaguirrei","Mexico","Veracruz","Isla Verde, La Cathedral","in situ photography","PL22_0494casver-l4.CR2","19.206806","-96.073722","underwater","2023-06-09"
"PL22_0495atlver","PL22_0495","Hypoplectrus atlahua","Mexico","Veracruz","Isla Verde, La Cathedral","in situ photography","PL22_0495atlver-l4.CR2","19.206806","-96.073722","underwater","2023-06-09"
"PL22_0496atlver","PL22_0496","Hypoplectrus atlahua","Mexico","Veracruz","Isla Verde, La Cathedral","in situ photography","PL22_0496atlver-l2.CR2","19.206806","-96.073722","underwater","2023-06-09"
"PL22_0497atlver","PL22_0497","Hypoplectrus atlahua","Mexico","Veracruz","Isla Verde, La Cathedral","in situ photography","PL22_0497atlver-l6.CR2","19.206806","-96.073722","underwater","2023-06-09"
"PL22_0498casver","PL22_0498","Hypoplectrus castroaguirrei","Mexico","Veracruz","Isla Verde, La Cathedral","in situ photography","PL22_0498casver-l6.CR2","19.206806","-96.073722","underwater","2023-06-09"
"PL22_0499atlver","PL22_0499","Hypoplectrus atlahua","Mexico","Veracruz","Isla Verde, La Cathedral","in situ photography","PL22_0499atlver-l6.CR2","19.206806","-96.073722","underwater","2023-06-09"
"PL22_0500atlver","PL22_0500","Hypoplectrus atlahua","Mexico","Veracruz","Isla Verde, La Cathedral","in situ photography","PL22_0500atlver-l15.CR2","19.206806","-96.073722","underwater","2023-06-09"
"PL22_0501casver","PL22_0501","Hypoplectrus castroaguirrei","Mexico","Veracruz","Isla Verde, La Cathedral","in situ photography","PL22_0501casver-l5.CR2","19.206806","-96.073722","underwater","2023-06-09"
"PL22_0502casver","PL22_0502","Hypoplectrus castroaguirrei","Mexico","Veracruz","Isla Verde, La Cathedral","in situ photography","PL22_0502casver-l5.CR2","19.206806","-96.073722","underwater","2023-06-12"
"PL22_0503casver","PL22_0503","Hypoplectrus castroaguirrei","Mexico","Veracruz","Isla Verde, La Cathedral","in situ photography","PL22_0503casver-l1.CR2","19.206806","-96.073722","underwater","2023-06-12"
"PL22_0504casver","PL22_0504","Hypoplectrus castroaguirrei","Mexico","Veracruz","Isla Verde, La Cathedral","in situ photography","PL22_0504casver-l6.CR2","19.206806","-96.073722","underwater","2023-06-12"
"PL22_0505casver","PL22_0505","Hypoplectrus castroaguirrei","Mexico","Veracruz","Isla Verde, La Cathedral","in situ photography","PL22_0505casver-l5.CR2","19.206806","-96.073722","underwater","2023-06-12"
"PL22_0506atlver","PL22_0506","Hypoplectrus atlahua","Mexico","Veracruz","Isla Verde, La Cathedral","in situ photography","PL22_0506atlver-l2.CR2","19.206806","-96.073722","underwater","2023-06-12"
"PL22_0507casver","PL22_0507","Hypoplectrus castroaguirrei","Mexico","Veracruz","Isla Verde, La Cathedral","in situ photography","PL22_0507casver-l3.CR2","19.206806","-96.073722","underwater","2023-06-12"
"PL22_0508casver","PL22_0508","Hypoplectrus castroaguirrei","Mexico","Veracruz","Isla Verde, La Cathedral","in situ photography","PL22_0508casver-l4.CR2","19.206806","-96.073722","underwater","2023-06-12"
"PL22_0509casver","PL22_0509","Hypoplectrus castroaguirrei","Mexico","Veracruz","Isla Verde, La Cathedral","in situ photography","PL22_0509casver-l4.CR2","19.206806","-96.073722","underwater","2023-06-12"
"PL22_0510casver","PL22_0510","Hypoplectrus castroaguirrei","Mexico","Veracruz","Isla Verde, La Cathedral","in situ photography","PL22_0510casver-l3.CR2","19.206806","-96.073722","underwater","2023-06-12"
"PL22_0511atlver","PL22_0511","Hypoplectrus atlahua","Mexico","Veracruz","Isla Verde, La Cathedral","in situ photography","PL22_0511atlver-l1.CR2","19.206806","-96.073722","underwater","2023-06-12"
"PL22_0512atlver","PL22_0512","Hypoplectrus atlahua","Mexico","Veracruz","Isla Verde, La Cathedral","in situ photography","PL22_0512atlver-l4.CR2","19.206806","-96.073722","underwater","2023-06-12"
"PL22_0513atlver","PL22_0513","Hypoplectrus atlahua","Mexico","Veracruz","Isla Verde, La Cathedral","in situ photography","PL22_0513atlver-l5.CR2","19.206806","-96.073722","underwater","2023-06-12"
"PL22_0514casver","PL22_0514","Hypoplectrus castroaguirrei","Mexico","Veracruz","Isla Verde, La Cathedral","in situ photography","PL22_0514casver-l5.CR2","19.206806","-96.073722","underwater","2023-06-12"
"PL22_0515atlver","PL22_0515","Hypoplectrus atlahua","Mexico","Veracruz","Isla Verde, La Cathedral","in situ photography","PL22_0515atlver-l1.CR2","19.206806","-96.073722","underwater","2023-06-12"
"PL22_0516atlver","PL22_0516","Hypoplectrus atlahua","Mexico","Veracruz","Isla Verde, La Cathedral","in situ photography","PL22_0516atlver-l5.CR2","19.206806","-96.073722","underwater","2023-06-12"
"PL22_0517atlver","PL22_0517","Hypoplectrus atlahua","Mexico","Veracruz","Isla Verde, La Cathedral","in situ photography","PL22_0517atlver-l4.CR2","19.206806","-96.073722","underwater","2023-06-12"
"PL22_0518atlver","PL22_0518","Hypoplectrus atlahua","Mexico","Veracruz","Isla Verde, La Cathedral","in situ photography","PL22_0518atlver-l4.CR2","19.206806","-96.073722","underwater","2023-06-12"
"PL22_0519atlver","PL22_0519","Hypoplectrus atlahua","Mexico","Veracruz","Isla Verde, La Cathedral","in situ photography","PL22_0519atlver-l6.CR2","19.206806","-96.073722","underwater","2023-06-12"
"PL22_0520atlver","PL22_0520","Hypoplectrus atlahua","Mexico","Veracruz","Isla Verde, La Cathedral","in situ photography","PL22_0520atlver-l2.CR2","19.206806","-96.073722","underwater","2023-06-12"
"PL22_0521atlver","PL22_0521","Hypoplectrus atlahua","Mexico","Veracruz","Isla Verde, La Cathedral","in situ photography","PL22_0521atlver-l7.CR2","19.206806","-96.073722","underwater","2023-06-12"
"PL17_087nigbel","PL17_087","Hypoplectrus nigricans","Belize","Carrie Bow Cay","CBC outer reef","in situ photography","PL17_087nigbel-l3-s4-f4-c2-d1.CR2","16.80126","-88.07942","underwater","2017-05-04"
"PL17_088abebel","PL17_088","Hypoplectrus aberrans","Belize","Little Cat Cay","Outer reef","in situ photography","PL17_088abebel-l3-s4-f4-c2-d1.CR2","16.65361","-88.20097","underwater","2017-07-04"
"PL17_089maybel","PL17_089","Hypoplectrus maya","Belize","Cat Cay","Tunicate Cove","in situ photography","PL17_089maybel-l3-s4-f4-c2-d1.CR2","16.66","-88.185","underwater","2017-07-04"
"PL17_090puebel","PL17_090","Hypoplectrus puella","Belize","Wee Wee Cay","Outer reef","in situ photography","PL17_090puebel-l1-s4-f4-c2-d1.CR2","16.76556","-88.1412","underwater","2017-08-04"
"PL17_091nigbel","PL17_091","Hypoplectrus nigricans","Belize","Wee Wee Cay","Outer reef","in situ photography","PL17_091nigbel-l1-s4-f4-c2-d1.CR2","16.76556","-88.1412","underwater","2017-08-04"
"PL17_092puebel","PL17_092","Hypoplectrus puella","Belize","Wee Wee Cay","Outer reef","in situ photography","PL17_092puebel-l1-s4-f4-c2-d1.CR2","16.76556","-88.1412","underwater","2017-08-04"
"PL17_094puebel","PL17_094","Hypoplectrus puella","Belize","Bread and Butter Cay","Outer reef","in situ photography","PL17_094puebel-l1-s4-f4-c2-d1.CR2","16.77096","-88.16366","underwater","2017-08-04"
"PL17_095maybel","PL17_095","Hypoplectrus maya","Belize","Bread and Butter Cay","Outer reef","in situ photography","PL17_095maybel-l11-s4-f4-c2-d1.CR2","16.77096","-88.16366","underwater","2017-08-04"
"PL17_096nigbel","PL17_096","Hypoplectrus nigricans","Belize","Carrie Bow Cay","Outer reef","in situ photography","PL17_096nigbel-l1-s4-f4-c2-d1.CR2","16.80126","-88.07942","underwater","2017-09-04"
"PL17_097indbel","PL17_097","Hypoplectrus indigo","Belize","Carrie Bow Cay","Outer reef","in situ photography","PL17_097indbel-l1-s4-f4-c2-d1.CR2","16.80126","-88.07942","underwater","2017-09-04"
"PL17_098indbel","PL17_098","Hypoplectrus indigo","Belize","Carrie Bow Cay","Outer reef","in situ photography","PL17_098indbel-l3-s4-f4-c2-d1.CR2","16.80126","-88.07942","underwater","2017-09-04"
"PL17_099indbel","PL17_099","Hypoplectrus indigo","Belize","Half way to Tobacco","Outer reef","in situ photography","PL17_099indbel-l3-s4-f4-c2-d1.CR2","16.84951","-88.06052","underwater","2017-09-04"
"PL17_101maybel","PL17_101","Hypoplectrus maya","Belize","Bread and Butter Cay","Outer reef","in situ photography","PL17_101maybel-l6-s4-f4-c2-d1.CR2","16.77096","-88.16366","underwater","2017-06-04"
"PL17_113nigbel","PL17_113","Hypoplectrus nigricans","Belize","Tobacco Cay","Outer reef","in situ photography","PL17_113nigbel-l1-s4-f4-c2-d1.CR2","16.89555","-88.06139","underwater","2017-11-04"
"PL17_114nigbel","PL17_114","Hypoplectrus nigricans","Belize","Tobacco Cay","Outer reef","in situ photography","PL17_114nigbel-l1-s4-f4-c2-d1.CR2","16.89555","-88.06139","underwater","2017-11-04"
"PL17_115nigbel","PL17_115","Hypoplectrus nigricans","Belize","Carrie Bow Cay","Outer reef","in situ photography","PL17_115nigbel-l3-s4-f4-c2-d1.CR2","16.80126","-88.07942","underwater","2017-12-04"
"PL17_116nigbel","PL17_116","Hypoplectrus nigricans","Belize","Carrie Bow Cay","Outer reef","in situ photography","PL17_116nigbel-l1-s4-f4-c2-d1.CR2","16.80126","-88.07942","underwater","2017-12-04"
"PL17_118nigbel","PL17_118","Hypoplectrus nigricans","Belize","Carrie Bow Cay","Outer reef","in situ photography","PL17_118nigbel-l1-s4-f4-c2-d1.CR2","16.80126","-88.07942","underwater","2017-12-04"
"PL17_129puebel","PL17_129","Hypoplectrus puella","Belize","Blue Ground Range","Forereef","in situ photography","PL17_129puebel-l2-s4-f4-c2-d1.CR2","16.81228","-88.13973","underwater",NA
"PL17_130puebel","PL17_130","Hypoplectrus puella","Belize","Blue Ground Range","Forereef","in situ photography","PL17_130puebel-l3-s4-f4-c2-d1.CR2","16.81228","-88.13973","underwater",NA
"PL17_131puebel","PL17_131","Hypoplectrus puella","Belize","Blue Ground Range","Forereef","in situ photography","PL17_131puebel-l2-s4-f4-c2-d1.CR2","16.81228","-88.13973","underwater",NA
"PL17_133puebel","PL17_133","Hypoplectrus puella","Belize","Blue Ground Range","Forereef","in situ photography","PL17_133puebel-l3-s4-f4-c2-d1.CR2","16.81228","-88.13973","underwater",NA
"PL17_146uniflo","PL17_146","Hypoplectrus unicolor","USA","Off Long Key","COF Aligator (outer reef)","in situ photography","PL17_146uniflo-l10-s4-f4-c2-d1.CR2","24.81247","-80.66971","underwater","2017-09-07"
"PL17_147uniflo","PL17_147","Hypoplectrus unicolor","USA","Off Long Key","'Ed''s place'","in situ photography","PL17_147uniflo-l6-s4-f4-c2-d1.CR2","24.76937","-80.72791","underwater","2017-11-07"
"PL17_150uniflo","PL17_150","Hypoplectrus unicolor","USA","Off Long Key","Cheeca Rocks","in situ photography","PL17_150uniflo-l5-s4-f4-c2-d1.CR2","24.89978","-80.61716","underwater","2017-12-07"
"PL17_151uniflo","PL17_151","Hypoplectrus unicolor","USA","Off Long Key","Outer reef","in situ photography","PL17_151uniflo-l7-s4-f4-c2-d1.CR2","24.80939","-80.67311","underwater","2017-12-07"
"PL17_152pueflo","PL17_152","Hypoplectrus puella","USA","Off Long Key","Outer reef","in situ photography","PL17_152pueflo-l5-s4-f4-c2-d1.CR2","24.80696","-80.67675","underwater",NA
"PL17_154uniflo","PL17_154","Hypoplectrus unicolor","USA","Off Long Key","Outer reef","in situ photography","PL17_154uniflo-l2-s4-f4-c2-d1.CR2","25.0368","-80.34386","underwater",NA
"PL17_161uniflo","PL17_161","Hypoplectrus unicolor","USA","Off Geiger Key","Outer reef","in situ photography","PL17_161uniflo-l1-s4-f4-c2-d1.CR2","24.50768","-81.57143","underwater",NA
"PL17_162uniflo","PL17_162","Hypoplectrus unicolor","USA","Off Geiger Key","Outer reef","in situ photography","PL17_162uniflo-l2-s4-f4-c2-d1.CR2","24.50768","-81.57143","underwater",NA
"PL17_163uniflo","PL17_163","Hypoplectrus unicolor","USA","Off Geiger Key","Outer reef","in situ photography","PL17_163uniflo-l2-s4-f4-c2-d1.CR2","24.50645","-81.58026","underwater",NA
"PL17_164uniflo","PL17_164","Hypoplectrus unicolor","USA","Off Long Key","Outer reef","in situ photography","PL17_164uniflo-l2-s4-f4-c2-d1.CR2","24.69966","-80.88238","underwater",NA
"PL17_165uniflo","PL17_165","Hypoplectrus unicolor","USA","Off Long Key","Outer reef","in situ photography","PL17_165uniflo-l5-s4-f4-c2-d1.CR2","24.69966","-80.88238","underwater",NA
"PL17_84chlpri","PL17_84","Hypoplectrus chlorurus","Puerto Rico","La Parguera","La gata","in situ photography","PL17_84chlpri-l8-s3-f4-c2-d1.CR2",NA,NA,"underwater","2017-03-23"
"PL17_093nigbel","PL17_093","Hypoplectrus nigricans","Belize","Wee Wee Cay","Outer reef","in situ photography","PL17_093nigbel-l1-s4-f4-c2-d1.CR2","16.76556","-88.1412","underwater","2017-08-04"
"PL17_100indbel","PL17_100","Hypoplectrus indigo","Belize","Half way to Tobacco","Outer reef","in situ photography","PL17_100indbel-l3-s4-f4-c2-d1.CR2","16.84951","-88.06052","underwater","2017-09-04"
"PL17_103puebel","PL17_103","Hypoplectrus puella","Belize","Wee Wee Cay","Outer reef","in situ photography","PL17_103puebel-l1-s4-f4-c2-d1.CR2","16.84951","-88.06052","underwater","2017-10-04"
"PL17_104nigbel","PL17_104","Hypoplectrus nigricans","Belize","Wee Wee Cay","Outer reef","in situ photography","PL17_104nigbel-l1-s4-f4-c2-d1.CR2","16.84951","-88.06052","underwater","2017-10-04"
"PL17_105puebel","PL17_105","Hypoplectrus puella","Belize","Wee Wee Cay","Outer reef","in situ photography","PL17_105puebel-l1-s4-f4-c2-d1.CR2","16.84951","-88.06052","underwater","2017-10-04"
"PL17_106nigbel","PL17_106","Hypoplectrus nigricans","Belize","Wee Wee Cay","Outer reef","in situ photography","PL17_106nigbel-l1-s4-f4-c2-d1.CR2","16.84951","-88.06052","underwater","2017-10-04"
"PL17_107puebel","PL17_107","Hypoplectrus puella","Belize","Wee Wee Cay","Outer reef","in situ photography","PL17_107puebel-l1-s4-f4-c2-d1.CR2","16.84951","-88.06052","underwater","2017-10-04"
"PL17_108nigbel","PL17_108","Hypoplectrus nigricans","Belize","Wee Wee Cay","Outer reef","in situ photography","PL17_108nigbel-l1-s4-f4-c2-d1.CR2","16.84951","-88.06052","underwater","2017-10-04"
"PL17_109puebel","PL17_109","Hypoplectrus puella","Belize","Wee Wee Cay","Outer reef","in situ photography","PL17_109puebel-l1-s4-f4-c2-d1.CR2","16.84951","-88.06052","underwater","2017-10-04"
"PL17_110puebel","PL17_110","Hypoplectrus puella","Belize","Wee Wee Cay","Outer reef","in situ photography","PL17_110puebel-l1-s4-f4-c2-d1.CR2","16.84951","-88.06052","underwater","2017-10-04"
"PL17_111indbel","PL17_111","Hypoplectrus indigo","Belize","Tobacco Cay","Outer reef","in situ photography","PL17_111indbel-l1-s4-f4-c2-d1.CR2","16.89555","-88.06139","underwater","2017-11-04"
"PL17_112nigbel","PL17_112","Hypoplectrus nigricans","Belize","Tobacco Cay","Outer reef","in situ photography","PL17_112nigbel-l1-s4-f4-c2-d1.CR2","16.89555","-88.06139","underwater","2017-11-04"
"PL17_117puebel","PL17_117","Hypoplectrus puella","Belize","Carrie Bow Cay","Outer reef","in situ photography","PL17_117puebel-l1-s4-f4-c2-d1.CR2","16.80126","-88.07942","underwater","2017-12-04"
"PL17_119maybel","PL17_119","Hypoplectrus maya","Belize","Dales reef","Cervicornis","in situ photography","PL17_119maybel-l1-s4-f4-c2-d1.CR2","16.48726","-88.27183","underwater",NA
"PL17_120maybel","PL17_120","Hypoplectrus maya","Belize","Dales reef","Cervicornis","in situ photography","PL17_120maybel-l4-s4-f4-c2-d1.CR2","16.48726","-88.27183","underwater",NA
"PL17_121maybel","PL17_121","Hypoplectrus maya","Belize","Dales reef","Cervicornis","in situ photography","PL17_121maybel-l5-s4-f4-c2-d1.CR2","16.48726","-88.27183","underwater",NA
"PL17_122maybel","PL17_122","Hypoplectrus maya","Belize","Dales reef","Cervicornis","in situ photography","PL17_122maybel-l1-s4-f4-c2-d1.CR2","16.48726","-88.27183","underwater",NA
"PL17_123maybel","PL17_123","Hypoplectrus maya","Belize","Saddle Cay","Cervicornis","in situ photography","PL17_123maybel-l3-s4-f4-c2-d1.CR2","16.51037","-88.25462","underwater",NA
"PL17_124maybel","PL17_124","Hypoplectrus maya","Belize","Saddle Cay","Cervicornis","in situ photography","PL17_124maybel-l3-s4-f4-c2-d1.CR2","16.51037","-88.25462","underwater",NA
"PL17_125tanbel","PL17_125","Tan hamlet","Belize","Saddle Cay","Cervicornis","in situ photography","PL17_125tanbel-l4-s4-f4-c2-d1.CR2","16.51037","-88.25462","underwater",NA
"PL17_126maybel","PL17_126","Hypoplectrus maya","Belize","Saddle Cay","Cervicornis","in situ photography","PL17_126maybel-l1-s4-f4-c2-d1.CR2","16.51037","-88.25462","underwater",NA
"PL17_127indbel","PL17_127","Hypoplectrus indigo","Belize","Carrie Bow Cay","Wall","in situ photography","PL17_127indbel-l5-s4-f4-c2-d1.CR2","16.80126","-88.07942","underwater",NA
"PL17_128indbel","PL17_128","Hypoplectrus indigo","Belize","Carrie Bow Cay","Wall","in situ photography","PL17_128indbel-l1-s4-f4-c2-d1.CR2","16.80126","-88.07942","underwater",NA
"PL17_132indbel","PL17_132","Hypoplectrus indigo","Belize","Blue Ground Range","Forereef","in situ photography","PL17_132indbel-l1-s4-f4-c2-d1.CR2","16.81228","-88.13973","underwater",NA
"PL17_134uniflo","PL17_134","Hypoplectrus unicolor","USA","Off Long Key","Aligator Reef (outer reef)","in situ photography","PL17_134uniflo-l4-s4-f4-c2-d1.CR2","24.8468","-80.62296","underwater","2017-05-07"
"PL17_135uniflo","PL17_135","Hypoplectrus unicolor","USA","Off Long Key","Tennessee reef (outer reef)","in situ photography","PL17_135uniflo-l6-s4-f4-c2-d1.CR2","24.75258","-80.76065","underwater","2017-06-07"
"PL17_136uniflo","PL17_136","Hypoplectrus unicolor","USA","Off Long Key","Tennessee reef (outer reef)","in situ photography","PL17_136uniflo-l4-s4-f4-c2-d1.CR2","24.75258","-80.76065","underwater","2017-06-07"
"PL17_137uniflo","PL17_137","Hypoplectrus unicolor","USA","Off Long Key","Tennessee ledge (outer reef)","in situ photography","PL17_137uniflo-l4-s4-f4-c2-d1.CR2","24.73489","-80.8008","underwater","2017-07-07"
"PL17_139pueflo","PL17_139","Hypoplectrus puella","USA","Off Long Key","Outer reef","in situ photography","PL17_139pueflo-l1-s4-f4-c2-d1.CR2","24.80618","-80.67677","underwater","2017-08-07"
"PL17_140uniflo","PL17_140","Hypoplectrus unicolor","USA","Off Long Key","Outer reef","in situ photography","PL17_140uniflo-l1-s4-f4-c2-d1.CR2","24.80618","-80.67677","underwater","2017-08-07"
"PL17_141uniflo","PL17_141","Hypoplectrus unicolor","USA","Off Long Key","Outer reef","in situ photography","PL17_141uniflo-l6-s4-f4-c2-d1.CR2","24.80618","-80.67677","underwater","2017-08-07"
"PL17_142gemflo","PL17_142","Hypoplectrus gemma","USA","Off Long Key","Outer reef","in situ photography","PL17_142gemflo-l1-s4-f4-c2-d1.CR2","24.80618","-80.67677","underwater","2017-08-07"
"PL17_143uniflo","PL17_143","Hypoplectrus unicolor","USA","Off Long Key","COF Aligator (outer reef)","in situ photography","PL17_143uniflo-l3-s4-f4-c2-d1.CR2","24.81247","-80.66971","underwater","2017-09-07"
"PL17_144gemflo","PL17_144","Hypoplectrus gemma","USA","Off Long Key","COF Aligator (outer reef)","in situ photography","PL17_144gemflo-l7-s4-f4-c2-d1.CR2","24.81247","-80.66971","underwater","2017-09-07"
"PL17_145gemflo","PL17_145","Hypoplectrus gemma","USA","Off Long Key","COF Aligator (outer reef)","in situ photography","PL17_145gemflo-l8-s4-f4-c2-d1.CR2","24.81247","-80.66971","underwater","2017-09-07"
"PL17_148gemflo","PL17_148","Hypoplectrus gemma","USA","Off Long Key","'Ed''s place'","in situ photography","PL17_148gemflo-l8-s4-f4-c2-d1.CR2","24.76937","-80.72791","underwater","2017-11-07"
"PL17_149nigflo","PL17_149","Hypoplectrus nigricans","USA","Off Long Key","Cheeca Rocks","in situ photography","PL17_149nigflo-l1-s4-f4-c2-d1.CR2","24.89978","-80.61716","underwater","2017-12-07"
"PL17_153gemflo","PL17_153","Hypoplectrus gemma","USA","Off Long Key","Outer reef","in situ photography","PL17_153gemflo-l3-s4-f4-c2-d1.CR2","24.80696","-80.67675","underwater",NA
"PL17_155pueflo","PL17_155","Hypoplectrus puella","USA","Off Long Key","Patch reef","in situ photography","PL17_155pueflo-l1-s4-f4-c2-d1.CR2","25.043667","-80.369298","underwater",NA
"PL17_157pueflo","PL17_157","Hypoplectrus puella","USA","Off Long Key","Outer reef","in situ photography","PL17_157pueflo-l3-s4-f4-c2-d1.CR2","24.72062","-80.83116","underwater",NA
"PL17_159pueflo","PL17_159","Hypoplectrus puella","USA","Off Long Key","Outer reef","in situ photography","PL17_159pueflo-l3-s4-f4-c2-d1.CR2","24.68493","-80.92229","underwater",NA
"PL17_160floflo","PL17_160","Hypoplectrus floridae","USA","Off Geiger Key","Outer reef","in situ photography","PL17_160floflo-l1-s4-f4-c2-d1.CR2","24.50768","-81.57143","underwater",NA
"PL17_65puepri","PL17_65","Hypoplectrus puella","Puerto Rico","La Parguera","Pinnacles","in situ photography","PL17_65puepri-l1-s3-f3-c2-d1.CR2","17.97003","-67.04642","underwater","2017-03-18"
