,PC1,PC2,PC3,PC4,PC5,PC6,PC7,PC8,PC9,PC10,PC11,PC12,PC13,PC14,PC15,images
0,-1754.680101962258,7448.981736177114,3279.527913569078,7086.0844703998655,2957.3079641904374,-1334.0630223577286,-2807.924837454326,1109.7483334425501,5669.603101014986,-1681.5107559181554,2938.7805787951256,1602.627630833614,-898.8858896595443,-1873.889854388203,-1379.1577710781585,PL22_0358induvi-l5.png
1,-20622.273448327087,-3809.5525517808665,-4388.191991955844,-901.1452392475005,3237.899772395996,76.36745482105522,838.6653394433628,856.6723018294934,-717.9882932477791,735.6761144196703,1008.2723915791315,-525.750965756891,-856.0101902993504,511.28081785992134,-96.97218275393136,PL22_0228nigboc-l5.png
2,-8189.770460162725,13144.680304715139,83.23384928465339,-6204.887450270311,-3235.3142566000115,2792.4258825897336,279.68594930053877,-2014.1746590607963,-262.4329429185559,2152.9928464846503,-3421.23035606565,-2044.989310369349,-750.2735333942741,-1827.289107831191,38.03313345782676,PL22_0307abeuvi-l3.png
3,-26147.910560768676,1739.1647217044579,-4341.20310406058,920.5566179615172,1855.0762547828324,-3034.867107328125,-388.8879222075365,280.41621123640414,340.75381073284797,34.38067494434274,-1018.8453190224463,-17.96378248136922,815.1213815510688,-49.93480315628097,-84.78107651691023,PL22_0208nigboc-l12.png
4,-25844.96105110761,-1347.784414418302,-1922.5856829569161,-2515.057044711333,1686.4208670501748,-3047.896074919016,-118.82065666840727,131.4149869493415,-700.2399894508674,-102.64424244133792,-315.7010940602924,316.9677791782207,-165.18206657735377,-23.688245449912937,263.6687058898689,PL22_0491atlver-l4.png
5,-19512.934340005824,-4414.940545370166,-3745.789032046961,406.95239652825865,1500.7999436652085,-1306.6672857403303,1236.0056059216618,707.2564143338263,-909.7336712586805,-114.8926671319765,597.6237744311064,-154.12353968776438,199.3049450319901,325.3335225323684,783.289453811717,PL22_0095nigboc-l3.png
6,26871.752890224867,23779.878967493056,-1993.1095636927864,-4558.092893482711,-5428.048490229995,-7793.047271774939,4707.602023472777,-2507.4022907450335,-170.06838916067144,-530.7309795731132,83.68685642507793,-2579.659032671099,-4065.8875248271775,4860.461083185498,-2039.3902213288773,PL22_0486casver-l4.png
7,-4709.943397238827,2549.5820499542547,3022.073202359159,-4925.847874888645,-4264.365272108454,3306.5802008559526,-3907.645660323033,-732.8152725743867,-1234.910022854183,2234.525564350434,6.700523454345987,-1018.8078785280152,-48.23677462791558,-301.12835034227277,700.986849204692,PL17_088abebel-l3-s4-f4-c2-d1.png
8,-11299.986982481445,-3222.30039239589,5271.180754013524,-525.7812650752886,-2628.89755263864,4245.260745536759,-1550.4811435585048,785.2225142527361,-709.7955708910605,-1325.2393452997856,-352.1065249573945,100.67581813865546,-845.2079424364102,459.55510408132335,-377.1362307463323,PL22_0154puetob-l7.png
9,8597.8053505059,-7646.538650716057,3083.717934534244,-13631.500804142408,-927.6690845548462,-1775.9810203589439,1612.5427565439406,-1399.6575780551514,2838.1094410393193,617.0817017537546,4586.8757233350225,-158.24671533747645,2354.3142195887563,776.2909679909745,-599.3545576404053,PL22_0147gumtob-l3.png
10,-3852.40342443266,3833.057704301087,2250.6708170649094,-4845.473725964214,-2158.1837769313615,2571.622545550813,-1963.3759582007935,-1775.4828825820546,-3144.632695422273,194.49237095021152,-332.583785380858,1366.815055431292,595.2773001825177,-762.2579652314128,866.8722807456987,PL22_0303abeuvi-l2.png
11,-22059.079818599952,-6806.989871756677,-9268.615912745845,19644.573592444918,-9364.796608235165,-950.730079807613,4260.215010961699,-6426.510630969684,-1480.0197236146905,2031.96065204067,3986.6612975700627,-1676.0003708019883,-304.2839387779011,-33.31529791346802,-376.2561815925615,PL17_095maybel-l11-s4-f4-c2-d1.png
12,-18686.50611072026,-3410.9876697805194,4516.580279642454,-2729.5384047144557,-6134.497169881775,3416.1334308378387,-2770.977417279597,2681.6818758233176,128.37310936646966,141.21619498705815,-950.5504857417359,-2128.119549739953,-518.6505200821848,295.7868164977959,-396.1174190075639,PL22_0178chltob-l2.png
13,-18712.921759962275,-2537.1819956210393,-4705.655703911396,-1304.9650398398876,3654.7995887677275,-71.80503011277817,800.5511773785984,233.70495010671624,-642.5333535401627,-422.29337100884385,1023.3968333174455,61.83456314688153,436.1890548691213,174.89254545052137,562.0043434995655,PL22_0025nigboc-l11.png
14,4285.534927471316,-6110.679787936619,5836.016000047851,12093.885173781457,-812.8430726761487,2904.422277428855,2681.6161460078965,-291.7412579039804,5354.2560911175215,-1117.383934759865,-1377.6000121734996,1637.1912162086903,-109.69512652918883,3616.163567277169,5343.634910242746,PL17_132indbel-l1-s4-f4-c2-d1.png
15,7382.678685934047,25068.847460568017,-3342.174685496577,-5667.834797593183,274.444556498301,5784.273275014507,7020.186436435994,-571.1107752795972,1333.6080184332632,6771.474645494899,-1657.305081732537,4544.764237373587,-2317.7418324198597,-2025.0531307754934,40.64761517613208,PL22_0367abeuvi-l3.png
16,-4150.533839760955,10171.758548755632,2524.251022078612,-7700.558537499137,-4618.461010901764,3866.759900121023,247.57339282389648,-2590.161774256334,868.2434553738497,2452.614936296984,-417.48612088899796,192.60736783933692,75.9367386963942,-688.2796752771555,-361.5808616845982,PL22_0141gumtob-l8.png
17,-18444.643980671954,-2527.282179477785,9089.038889241774,-2724.2369345864254,-11953.497787119812,4582.0100010057595,-4078.254895943571,3153.333435103815,770.6382482182921,1463.9574189218274,-1521.2650385982633,-2849.9529195404,619.7608214171626,240.54023444024915,-1101.7627460998451,PL22_0416chluvi-l2.png
18,-16615.268901360585,1173.9855500533904,2461.574989287138,-1439.0192514772473,-2652.8440728359956,1580.4338656853765,-1805.1284886114474,621.0129256256992,-228.0678338185538,1022.6661591807774,-1245.3358530648823,-484.4235018418247,285.8963172339227,-510.97253985024724,-992.8382466095601,PL22_0287pueboc-l3.png
19,-21680.110815755994,-5334.786067708993,-7663.998440571596,13393.90025447954,-6197.48996800905,-1236.1750340492524,3066.9374606913307,-4740.462245378607,-1910.5938790052003,2574.064001224268,3227.673278986552,-1306.6773037461483,-1060.6780425814882,-145.47505762628785,106.66926995996174,PL17_123maybel-l3-s4-f4-c2-d1.png
20,-26310.77499775856,-543.2277113816386,-2651.203567584257,-3114.5135921064116,3103.9957578520143,-2985.2784680841723,-9.685396424542931,-308.55507792854104,-586.4097637664199,232.40415296884552,-352.73857412577865,280.67252431212444,-252.77361062587738,220.11707429320097,-410.68377601840274,PL22_0515atlver-l1.png
21,1837.853130249842,-3995.417929327415,3989.581596341083,4441.137726089855,3956.160446989266,-1468.6234923911873,1741.0286706567226,-1038.6952553854142,-610.8397069633829,-1271.3543526019155,-162.2219782713622,959.5519920468963,478.9451473251038,-99.30783397095476,-2795.1833732214695,PL22_0134puetob-l8.png
22,22059.512528271625,14319.803217789993,3192.9080755963046,8203.374959930348,2037.5454641903896,-4505.765876668078,-834.5854374172847,3006.4765201234745,444.7707903999526,-2012.7846954308495,1632.4370022078474,-3523.5468395522666,2193.0656900102545,-2242.0091343154236,-110.22827558812597,PL22_0152puetob-l7.png
23,-5241.57047639515,-2253.0574747546766,3599.309169250364,1000.8710537690872,3463.593726658951,-1404.5380766847177,-2981.841316429881,-2653.527257047593,-807.8460810258395,484.4554090573537,235.766495716925,815.4178755014342,42.28146536066756,-491.78700768171535,-786.6920905058289,PL22_0014pueboc-l11.png
24,17576.41295689161,-8325.986053471443,-6527.724163213471,-1363.6198285159642,-566.7107817646058,5229.6522917984785,1463.5008998918895,2992.271752385616,-427.6247258718696,-1172.3335859454653,690.2183661506376,-829.9880229336167,-112.29708722689062,835.6069470610763,845.5319036007254,PL22_0347uniuvi-l4.png
25,-24776.632380075996,-1398.429536508573,1248.4891573448567,-3397.9697571384704,-2119.553809377025,419.4297266323712,-1676.3516601241943,769.1874774952131,354.7606905931181,429.38833179878145,-731.5024963547619,-1443.7303870318285,-887.9831339337495,125.43337652217328,-796.4366916277584,PL22_0392chluvi-l7.png
26,-5729.742829317486,11336.377771256433,3161.745581880027,-3565.392874639007,-6731.312556815207,920.4910461137686,-1055.2500038092628,-976.3517653217625,-2289.8644502558004,989.6905949958599,-1628.7939785786405,-588.3822528096059,-2119.906397805732,-670.5018850068467,1230.6759134948916,PL22_0201abeboc-l7.png
27,58277.94007627867,-11095.508825367706,4334.468968749126,2732.926634684729,-4910.56525636203,-5424.832369469234,-2721.3609099692594,976.6575464936464,-2194.6711142976583,2036.5981443120513,4308.28013243877,1076.2371726603933,1786.2487154149683,-280.3753144963152,4317.731596998685,PL22_0004pueboc-l16.png
28,10248.279766137168,-7110.150277327097,-2525.6093885582695,-5845.59396053479,-1157.7917361389966,-2274.1126895501147,3056.078191549501,-2382.462958868337,4071.8435844170053,-2776.3081110131197,2037.8892938583779,-2300.9276776362262,-970.7050366202833,-742.0164907633256,-1267.1095513271687,PL22_0465casver-l6.png
29,-26447.636550057716,-1962.3361452551892,-3673.734945694248,-1590.5743891654286,3407.750957660001,-2322.1218664404223,164.9722770582955,-278.6883271422491,-1113.7419023766581,24.782843119290106,321.9211161534636,-49.51243492652416,-770.8416583765762,639.5029220338154,-138.3754171347903,PL22_0263nigboc-l5.png
30,40407.22412693021,-22445.848086689075,19557.443177281893,4882.69067034097,5449.8801222999,1725.8295422492652,5086.385841048618,2270.5313822424914,362.98419406828026,5732.250031793116,-741.0407146040379,-3019.921228343067,525.964104103857,1366.0418989534294,1263.4947014440986,PL17_103puebel-l1-s4-f4-c2-d1.png
31,33396.00716992443,16052.753540453414,-7771.297845551937,3298.4791006461523,-3134.7394614423324,-2590.637825925597,-3592.5158725835,862.992876817482,-2258.6461577312466,-1498.6011356079484,-2096.5972961065345,811.3418889552677,2508.389744231786,2478.7817603796025,192.95638086885347,PL22_0293uniboc-l2.png
32,21775.674035222593,-1522.6681113804227,4702.959087686439,-279.04592711955854,-719.5826921922102,-4790.012898441737,-2113.0011382329903,-1043.964832200894,-2547.5997824452484,-720.1631599565193,1548.816210640644,-423.62281250068787,2157.7998353449816,-2504.3574664896196,1298.3275116523043,PL22_0009pueboc-l8.png
33,23481.453680864182,-19550.573422861078,-8444.530492083335,-5919.69792193781,1259.151963369985,-1379.1919351637528,1360.126465871984,4050.698381089613,-1207.9741624505248,646.8164898208423,-1070.4987259050924,-343.56114810643663,-3224.6035169008,1065.6790823833774,-346.0920236379704,PL17_135uniflo-l6-s4-f4-c2-d1.png
34,-1547.618623062477,-591.5193203332007,726.3987964467287,-748.7460482482219,5664.332169809684,1518.9395386381518,98.76677068066408,-1693.1578464790045,-299.46737912131266,-705.0151802582828,2317.5559149137666,-2459.1359345379647,-3282.9242719548947,-971.2986817097202,-791.6745399464105,PL22_0084pueboc-l1.png
35,13758.548334315086,-176.32726160208608,-6411.931289822695,-3843.39770852259,-830.1199966052227,368.507775779962,-1430.5165722600577,-722.7501568375185,78.67674147172826,-875.8654082443702,-1913.7229857632049,886.9455082230609,-1314.1153335922515,-1140.0200196942033,61.82594167633168,PL22_0421uniuvi-l4.png
36,32384.501749502124,-16845.52416785747,-9060.068297522801,-1561.4828641326108,-2002.73787084436,-1959.4021465270484,-3982.0804272687947,-200.11971665560574,2222.731598709135,593.4654231683428,756.4403981754132,330.6506613750027,359.7471001373568,-2678.0389313408455,1050.015587265864,PL22_0315uniuvi-l2.png
37,21957.82672292762,-16004.78246118256,-4885.087706373942,-4319.257212664502,-299.574691996088,-417.9015547852124,-522.3328574535883,2659.5253947841784,1138.6286251852105,238.36840787602708,-967.3188932467277,-2497.0558359482475,-1725.0008736608322,-2007.6340891018908,-3.410154224239926,PL17_140uniflo-l1-s4-f4-c2-d1.png
38,57291.044974441145,-15835.792452924492,17708.322342016967,2593.883378726805,-3363.0899581020185,-1502.4451059779162,7007.050610723909,1277.9728138478397,-2381.1437387707624,3536.888591921672,-3251.940720980245,534.9035080708492,3476.7314515108937,1203.1225245783187,-54.34159061907038,PL22_0002pueboc-l2.png
39,-25761.5703697007,-356.69928301479314,2042.617405857494,-3616.0365892270843,-2509.05084536095,-10.48911590281365,-1787.0986614056355,286.6733108929256,217.16741585201052,459.30843825839946,-838.7073751897656,-958.4975196056704,-207.008661581159,318.72616972092095,-1222.230509521566,PL22_0405chluvi-l2.png
40,-2417.0956327698514,16370.378018517895,-2455.703018569293,-6033.083430402826,-376.23597403260857,4407.394487743686,4327.680394344081,-1664.59246468758,855.3531448955019,4817.064783895132,-1745.3396449242766,1680.6953951220103,-309.4613950348459,-2513.2043869417157,573.6552100974114,PL22_0370abeuvi-l8.png
41,4776.9014790539095,-6512.83217456833,11039.896610611517,-17.45286002531721,-277.2302414566536,5852.161192806968,-1927.1727294558739,1558.3996855878543,436.6498324699877,-578.5018849652106,520.7081993622021,1367.7429442277935,840.3351300570345,-1054.317135647025,-1254.7781225125307,PL17_160floflo-l1-s4-f4-c2-d1.png
42,4814.449112328913,-4868.301755274734,-361.1770867775141,-6044.266656696115,-3446.0798738875565,-5436.478707205178,-689.1663821718222,-4447.465895367151,3030.7525692222334,-3474.162587971918,954.9889753785837,636.6486679693135,-296.1753365132572,-1199.0433283846753,-59.33293246923093,PL22_0478casver-l2.png
43,-1619.6095471357157,-8363.783132537032,6090.482683962935,4255.903612073964,3958.8413748329835,431.6126424527717,90.67209213534557,-423.8010398846221,1838.6158594422998,1116.5826860315642,-2561.3987531713874,728.9101643813733,-1042.7082292544028,2242.523864668756,-422.379507868192,PL22_0150puetob-l7.png
44,-18516.56821412197,-3790.799423705082,-3814.3259649129736,-593.3133616109372,2806.358163829936,-1638.045514812754,915.4944204478676,602.4662767727773,-690.8749357382845,812.943428150713,925.9423586759418,354.19018723054853,-8.755179223470531,629.6516091308451,-358.82631096039785,PL22_0189nigboc-l1.png
45,-4728.750346192572,-1114.4365008095544,2690.5885003471844,1633.693861670719,-1965.7592652011135,2036.996703327242,-2516.393842871086,-829.521861988563,227.17891171777075,-868.8927903658306,-213.60688472843765,1007.9818854881802,-1125.258222433923,-1546.3049601876976,123.4181481158869,PL22_0098pueboc-l5.png
46,-13815.700417364034,5231.0728031728695,-5496.666932266231,2708.7920849379784,3229.17562979882,1786.746577090989,-137.0336763286196,1703.8207304086989,2205.726192573979,1501.0136987147855,183.7507363332949,-388.5366738048522,2475.0658360472153,-605.3174933439241,-93.76677959391671,PL22_0070nigboc-l1.png
47,-16648.819685395523,-4035.3040604337234,-4840.94262880265,-1544.40867104487,3555.4600723558287,-164.33204569950937,1578.4795519890029,1623.9787512559817,12.134663407573802,380.18368777505333,1536.2566144911104,-391.18744008300547,-25.25128609158305,825.080262657197,558.0186474813962,PL17_093nigbel-l1-s4-f4-c2-d1.png
48,22551.668979430768,-8038.789223209409,2934.6496440084984,1589.4620437819674,4872.841703808897,-665.6686013338586,-3657.0211228696894,-3454.9981928019197,155.2013248293931,966.511546790314,1242.9982783542744,-515.5742152414593,2344.5995535838465,-2690.1901851292273,-1825.2534214198963,PL22_0018pueboc-l9.png
49,-3098.880506667624,-5382.394596345437,6316.224935016043,161.5633467806532,3212.650006967266,1383.2496359876889,1053.8577758435083,-1263.8016330057462,-296.14076216282393,-56.56777317085636,-1631.270834876677,936.4420077114715,-1337.0692978389127,1103.9566380762776,-878.2165444534572,PL22_0148puetob-l6.png
50,108.87070169655256,7002.314911515151,5788.371207285246,5066.341816902103,-25.85416305194829,-1574.033345721095,-2446.80171682941,1862.6250923358748,-822.6735996922762,-2598.438284141261,-831.6110562346706,653.1331377457325,-25.781988468466785,689.6258150974705,-324.7305961823589,PL22_0164puetob-l8.png
51,-3986.9855557063447,-2982.3980489800897,2050.642063389668,70.98281261440547,2259.764248656399,1330.8363799382314,-3.744803234402223,-254.38898263279927,-1766.1827530894045,-1550.9283918515616,421.44120029538317,-454.4362535117247,-847.0289958153699,-1718.8648961226127,-1302.430476070084,PL22_0101pueboc-l4.png
52,-3687.6830866343516,6023.051522749672,-2130.89547769568,910.2703526037208,-298.72883852339464,-1112.8400910408957,2771.217795845062,2739.6430782007205,-1134.9519631337737,-1764.462861148551,1248.415525342036,1671.0555184446735,-152.60284900060051,2080.809764869723,1504.722180043681,PL22_0257pueboc-l3.png
53,-8791.206952057957,10939.03145067345,524.3371593002425,-5236.894574697626,-1911.8145459792934,3848.401355035801,946.8311655829883,-560.5444946404965,735.0997599491359,2289.1923426497738,-1241.9969235325914,1633.9675590375768,-1269.429074547763,-1422.1555645871213,686.542438054121,PL22_0389abeuvi-l5.png
54,-26043.6581503315,-670.6578826656176,-1737.898895193076,-2871.5168038658703,1924.4730178788059,-3705.8284307153003,-523.5117124833984,-316.74117156677096,-436.1732010131473,194.1922130765022,-699.2600208272358,619.9896095029792,-76.58167182444183,-480.1841487915214,266.6737567634796,PL22_0480atlver-l13.png
55,-27708.59635189794,807.8898109166436,-3469.1893619181924,-732.6087440261499,3093.5012441203685,-1745.1623332551912,-218.03044859525812,-177.5583571406224,-113.94028926409806,316.7786241039872,-419.63644739516724,244.40034689643366,325.0748695460591,-115.94324253548533,-467.52291253688753,PL22_0044nigboc-l4.png
56,-19016.008810955955,-3193.07876445612,-4726.447502398311,99.20723693514395,3501.1461012813033,1336.7594496212596,1006.7645122379996,264.6908568263792,-413.06902322946235,-132.99384288434527,1018.8092059071951,-316.164675921274,299.15506738828486,690.8592745284845,-66.93733190849032,PL22_0250nigboc-l1.png
57,6398.081059563332,9603.102069691897,4445.445957358872,5580.373243744516,860.0569611100934,-4213.902686347199,2320.8634167499686,4185.132072478828,180.18063070132627,-780.2616935377747,1215.5261081397614,-1150.6032432846905,2013.6362465814852,-1011.093989269684,-1858.6007056108308,PL22_0130puetob-l10.png
58,-4157.865819892993,564.7735054926561,2691.2485042557137,-1971.460211476196,-1358.7457969288384,315.10095831253585,-512.703765610069,-1097.2232880294112,-3191.5215668803694,-1122.951071334373,394.5891607720099,1017.516245187312,125.84653608022326,-1933.6734636086935,795.3674094707793,PL22_0215pueboc-l5.png
59,-21567.51348415461,-4966.979218449909,-8253.104285903664,13625.567986361635,-3942.832630788696,499.6130718728492,702.5887015992136,-2548.94261949466,-429.2182304231774,167.5895783441395,2988.573784018335,-732.4247612600483,2259.7307704271875,1270.175564038556,-609.0554737406015,PL17_126maybel-l1-s4-f4-c2-d1.png
60,475.775230616162,16491.288330514948,606.1316199345578,-5670.369564432895,-2722.419904143719,4029.6655658781897,2846.95557636455,-795.3917355491819,-408.39802504386114,3297.6162555225987,-1254.5990799361527,1495.4735409159634,-1181.6950133338576,-1021.8198638703032,185.32350369354788,PL22_0375abeuvi-l6.png
61,-6581.048086577311,-6403.699874780032,4948.971282658915,24.074725885080593,2337.015172002403,-617.8815163088852,423.29466893218057,-1097.2999627364406,-53.02913736668845,-350.8139088192504,-100.2448555507503,1200.2450351088219,-1.985932341970603,831.7657150687083,-320.48568664282914,PL22_0226pueboc-l6.png
62,7596.471673299382,11422.751529144463,-8158.370498828345,1413.76731057933,689.9690917347114,1278.622581238018,-2968.260439342079,-1181.4921752901712,-1050.4200297196437,-103.57552010076527,-2349.542430608191,862.2441433781783,1049.7650276819522,497.0171242810506,-450.4861053685486,PL22_0041uniboc-l4.png
63,-12885.385329906536,-12102.64623137965,-9231.679465250523,24830.109509619433,-14320.752030247859,-1025.154907134537,4762.5631605936205,-5662.217647600689,-3886.468791147412,6544.339167322403,2373.2262727964758,-847.3240973742645,-2185.709663742757,-3115.2826917530824,-703.8537874779172,PL17_121maybel-l5-s4-f4-c2-d1.png
64,19583.789251324088,13333.883121277775,-1639.1687199719124,5775.216449720066,-151.4551794666114,679.1451106264584,1385.5504598973516,3534.045197395624,463.39810906879455,-570.1620222178203,-692.9800200344041,-2765.8612423008153,2927.291004117833,11.968479081911514,-770.4595591951793,PL22_0145puetob-l5.png
65,-4691.2756780953705,-8852.312207600715,5901.8520149320375,11480.762290683575,667.0109914926151,345.95284774184483,1452.9730871458726,-2318.4252411986045,3758.086386681029,-1768.3505573199573,-869.8634015480663,2163.733671601657,-1045.031690362605,310.79863274890226,-363.6990095433035,PL22_0309induvi-l10.png
66,5199.519726330454,11981.607865105057,4793.895807676743,6322.064371038347,3721.312352124649,-710.5223394929274,-95.95699210439136,4297.108842444114,2468.8536126920476,50.66517620912205,3683.4294476047457,280.60592049724755,46.914488191562256,-2760.385280425204,-2195.927338159114,PL22_0117puetob-l3.png
67,1419.4057639568932,11426.255742808822,2660.160673218813,3356.835974305889,2360.86958038943,-1582.8439500086383,-82.40275073230599,1129.9917114239195,1297.582254744437,645.1325648561442,65.77748623151474,-101.837048560404,189.86548728298064,-244.06162906657084,2071.8932819965876,PL22_0120puetob-l4.png
68,9768.526699474842,5636.998815589553,4598.501485204947,8212.06565517859,1330.2224536154206,1125.8100161235998,-1511.651401823274,5469.232537945192,1328.6479911128938,-1138.4036038523511,4017.8003676828434,1045.790490347876,2289.808738422226,-540.953356013188,-1959.5764056673302,PL22_0124puetob-l1.png
69,-3404.5181721419676,7935.626937639803,550.76927641889,8330.0810133192,382.5904506432255,-4998.857780782442,-1856.3397428600786,3145.793106866661,4141.701929609105,-1456.1094496875462,2449.517828452663,-1292.3727378867832,-1518.5296061960378,-472.0896468138327,-2813.4740058468224,PL22_0355induvi-l5.png
70,11139.79899072887,14864.727490287229,-2461.235487047499,-2025.0350507888659,-2393.862220207596,-1320.1333644868148,953.5029838716945,-2252.7354156678384,3304.6596214487195,-2064.864732880465,-1422.167535493946,-1560.405277411768,-1345.033292584923,-531.4308200663504,-512.4226125306823,PL22_0474casver-l3.png
71,-6188.755200821515,2209.620328291373,3607.862689205353,-5967.223066993213,-5281.566126900661,2180.2778398558958,-3764.7282849154526,-2049.686919826128,-322.53797612573425,1585.3012332333983,414.8227488509879,-432.60814315816276,644.5697970135626,-505.9798267438904,216.84220479918415,PL22_0374abeuvi-l2.png
72,-22305.36292608623,932.5991780898374,-4036.011664892003,-210.64115189423367,2297.6238020418873,-2610.2325086910905,835.952386951693,1146.6940027809517,-95.53881741389256,533.2594036994783,-56.39949324309064,228.46417958121432,304.7417442817396,889.2569425177389,-91.87323794201963,PL22_0186nigboc-l4.png
73,2032.2851559850046,11080.292061619588,1768.0583598118608,5533.51544614068,1230.5898861532007,802.7031005580019,1342.7948798575492,4266.197929797074,2098.747591140858,-1785.5763912437271,1082.6034567353665,453.46828185289996,933.1791049517874,-919.4265835071345,-1436.900445863799,PL22_0131puetob-l1.png
74,5543.300190622331,-4628.365041551992,5210.100364102874,1810.7173316418766,2978.7714316165893,2508.8450263770333,1145.693108380533,-1046.5570470542011,-507.8621793022936,720.1627649377964,-891.934614629089,146.91189326986836,-1706.8260657499636,-201.48051288935457,-1799.9622141975135,PL22_0212pueboc-l5.png
75,811.2771944697014,-3627.2620147266653,6537.897115382557,867.5796214642213,2020.4799883781534,296.4665716905757,-2146.769049062783,-1550.0866727342507,-299.0913725316977,676.3006191487804,-2888.102888771956,998.0802717351306,132.38881583947762,261.329457536119,-317.04707704139264,PL22_0359pueuvi-l1.png
76,30533.06469798938,-8111.434361925754,-8289.813935037157,-6169.9314205751625,4284.276641122237,646.7963916923609,-769.5557474036005,-1145.440518924682,133.06604942019013,-694.349846420858,35.47930004897248,-395.85511951639694,-3421.033268041105,-172.60092833072073,1565.3795187647806,PL17_162uniflo-l2-s4-f4-c2-d1.png
77,-783.9810342965839,-1358.626356960041,876.1681770565314,-4638.215128356737,-3458.0942724567876,504.90903510976204,1474.6810768332227,-3125.475266223138,3073.935476186337,-3943.352672688309,1189.102173887737,-1803.252140333831,-327.97442134499056,-152.2378665034259,-1087.9786064897312,PL22_0472casver-l6.png
78,26434.744339011675,-10129.62857938819,-7290.12719059713,-1196.6158463227644,-678.1857380545758,-1169.6606302662537,-1708.31558798724,-555.5654291272543,-1139.6161122497513,-765.3827463717719,-230.73895509847952,1927.4585157510671,-792.5471647329836,333.2150630093577,-720.3218215196808,PL22_0288uniboc-l3.png
79,-13277.346074785537,3266.9934128987325,-1024.9105341004404,-5804.441397410812,244.94660066211188,2131.4901983117406,-1420.9263879632538,-1393.2051511704617,-407.9351569465564,1674.3790341112717,12.543604670393304,1347.0311354465446,-1365.6441817921093,-379.0523441172794,-355.5471180405956,PL22_0384abeuvi-l5.png
80,7561.151666395007,4303.924581516466,4771.943455556451,-138.99518638143107,-659.7622656383913,2953.765528068334,1773.4792195963846,-663.2219764144324,-3960.8491034715266,-1973.182918653416,-1803.5628548403683,-1359.8352736593545,-1054.9997432825455,-466.09025319125703,-513.3783627871317,PL22_0076pueboc-l9.png
81,-18966.20534718114,-788.0613518418074,1996.315131529847,-2038.174624156219,-3802.2963823845503,763.8519103325749,-930.1048719102843,649.2167730877933,-925.992519320132,1147.7250290253833,-390.8067914735361,-36.14041819193003,262.3693390867644,-684.2968194186701,297.5268662559539,PL22_0282abeboc-l3.png
82,-24966.32433898462,1573.3836392875603,-3024.6476604666295,-3002.0923579711816,3013.495383347245,-3021.460005998525,495.76384357142166,105.44848408115176,511.30431656288766,975.6289120518608,-790.2531206766505,882.3513151805915,296.679922864805,-202.5061208507416,-294.95283781994294,PL22_0462atlver-l1.png
83,-16458.605831433186,-4888.255539824622,-1398.8432267549338,132.95890547260765,52.50833803019,-704.0763734821007,1784.9298704435232,1291.8229708416522,-388.4194912650145,-597.105057180985,282.6975239363338,-88.52521757148712,694.6274573976949,-558.8556878992474,438.53196209388835,PL22_0089nigboc-l6.png
84,37425.047146534256,-11259.675954004273,-9434.340936974037,-2994.449372004289,-2118.2304607360034,-5652.22448858867,-2236.2889613182865,-584.5494817755206,1801.7848754696106,1677.9466213311869,-2026.5434793239622,1533.1690004563873,-1656.514611780803,-2130.8818178665815,660.8739336885384,PL22_0413uniuvi-l3.png
85,-20446.549014702,3463.0933654832775,-3922.7726773439886,-599.9978650325783,2494.9083931332725,-1718.9508009387043,143.9437999636308,688.9773532065174,989.9364047224027,519.6212409117312,-763.3443202119005,549.4801600327389,1514.0364693494337,-622.9853083591112,109.12789867918478,PL22_0342niguvi-l4.png
86,21691.13180247525,18844.450798028887,-8202.080003312321,1682.3219765805648,-183.68351057442356,-466.64277732261553,1082.4510412865611,1097.381736957975,432.8399758323817,-212.94900296607332,-2258.050480953654,1920.0825365781552,909.552502921539,935.3314467685439,191.46608945528462,PL22_0361uniuvi-l5.png
87,11464.106281605602,-5860.694485282377,4575.518380997371,1959.1725595709718,5120.3063023499135,3397.0954205487697,-136.92196397457533,-1580.2977528107717,-2169.776541142064,-274.16056249920615,914.9822747383303,-884.5249164246557,-1203.9835223077725,-859.2349423941527,-1243.0855807577543,PL22_0019pueboc-l3.png
88,21224.45242251247,-14834.176831203094,17459.95487251661,2939.709673769914,151.5470287749336,-2523.736674823893,3036.2839309880633,48.08903050803553,1297.146991525489,4407.4891170594565,-4407.771971653156,1605.3413842957004,3357.545419060612,1878.9586633644892,-33.17367165424369,PL22_0360pueuvi-l2.png
89,1154.1706960878769,15170.774307681473,1723.428527537611,-5434.3417105577155,-2830.573774344791,679.1939425660422,-351.0424338373751,-2191.6663176958136,-1310.8905849989126,2246.1274968372804,62.6529991906778,-168.25301444443411,-867.8107744003539,-76.70618111641782,888.7788485974974,PL22_0294abeboc-l3.png
90,1725.7019779415207,-3722.6666822255793,4085.7155671418004,1258.0412454575062,5031.038451233696,1930.3084361578144,2397.56982542138,-1499.7519759150669,-2468.5494380780515,-2548.018780429355,-2116.6247136740344,-402.3290002953281,-340.8365570422784,1628.8404231583768,-345.3838090233711,PL22_0251pueboc-l6.png
91,-10860.346490644048,-6429.779781689064,6554.158696989527,6626.219809311069,796.2911813410984,-1702.1138580267389,1191.6947492156908,-1695.7258695991272,3253.965378416476,-1300.701803490163,-2190.491517622362,2377.0921905942573,-164.30387178749865,1934.4941366694993,242.31737501307128,PL22_0412induvi-l4.png
92,-26990.231210102727,-409.23281849629126,-2400.1909848351393,-3009.5041830864634,2934.9792456701302,-2884.4972015522367,-449.1678236755239,-276.61050488696833,-768.8477431671433,285.14823710957216,-376.50578935131347,357.69033127976803,-365.0283243587836,211.981747835511,-163.75812825946926,PL22_0482atlver-l4.png
93,30307.829255453988,-247.78476653632097,-4632.173570698332,1493.0590774295435,-1582.464711228702,4063.616021095264,312.74157547828213,1268.651521963968,-2700.6719470078765,32.956206741992595,-2649.636303001584,1747.8364115760335,-911.7328386030797,718.5569605408812,26.2346370782889,PL22_0060uniboc-l1.png
94,-5272.371747566493,10540.214757390422,430.47809774562404,620.7353361097345,589.0686621295517,2569.645395546566,143.22674268818764,246.1219659856444,1035.62309620544,-305.17768122272344,-690.0747703563381,756.8512539729182,-1451.4593648668679,-706.3035689748173,920.3942883891848,PL22_0214pueboc-l9.png
95,24461.142380752513,27563.717174338864,-2407.534944502832,-2245.131458297486,-4605.121872762018,-3749.856486762203,5514.578574694266,-2278.318389954976,1336.8400055463535,-1384.231046986813,381.94710584369966,-3455.13161163532,-2096.817407887945,2151.1759680397017,-1009.803337814262,PL22_0487casver-l1.png
96,-3952.677166898576,10848.102460800554,2038.5966464859519,-6643.787472137577,-2761.8499591317004,3083.0271636136436,1126.0685814580434,-2078.5635643661763,-27.478837132948925,2452.7375374389494,204.56923827922756,1135.9997644536304,-336.19793526751533,-140.51893209681458,-40.81794727521834,PL22_0142gumtob-l5.png
97,15608.41994686335,-5522.307772047758,4719.769630694211,3248.016219536663,8336.17425445504,3722.4536840086116,2724.6042725716698,-2147.389338275925,324.1169977558596,3222.4416414885095,-1038.1933850594007,-2870.158495309731,-2351.7765546013634,636.5982029497468,-453.61324440123786,PL22_0063pueboc-l8.png
98,-24302.7599996501,-2592.410574117287,-2793.888659616308,-1702.0353982101703,1756.247707947725,-2426.5388033341783,279.85144897977233,427.83760564665835,-890.5991444877845,-251.35985873912134,31.68909312949055,-176.14299552495726,-514.1735185650624,146.00767045775711,596.0884632054868,PL17_091nigbel-l1-s4-f4-c2-d1.png
99,5433.944615669195,-4374.79160881779,-3547.431028005195,-2194.1649090985393,1838.228612238846,476.71079385205843,-2703.4204808549757,-1465.0368161387876,516.1204017797111,-1318.5214577808968,-148.64534814561503,-101.18721866343056,712.3222379709155,-948.5748571606651,-396.30745808343363,PL22_0323uniuvi-l2.png
100,16907.636035280895,19188.805123475013,-2879.856880450175,3632.8747199362842,4043.9330912773366,6204.672769574332,573.3005624277719,904.9830897128152,2937.3228897956765,1694.6520009815097,269.942627685009,2112.143592546229,-912.6188677952732,-2303.604049581583,-372.0094052176227,PL22_0371pueuvi-l2.png
101,-25154.538201799434,-1259.8584801115862,-2288.3167976383497,-3236.2564164447467,2527.474589060613,-3265.019348082333,-9.986940157182552,-76.68671867306881,-495.67159645109814,318.7815823379899,-359.1856616087746,516.9963679499486,-110.7488480423256,-229.3030332650206,152.35719015230907,PL22_0517atlver-l4.png
102,13705.985955672853,340.12402793358564,-15554.172435650784,19869.05332510335,-89.71917208343909,9340.221065705693,-160.91208778902177,-2573.6836874033256,2745.976313054125,4850.589255680403,4239.319837389419,-265.1624137576425,7598.98037216919,1787.5718859029996,-2185.8826083789145,PL17_142gemflo-l1-s4-f4-c2-d1.png
103,-11658.75021382972,2136.356124952855,721.9811827420572,-5219.181548055741,-2207.9635744328016,1602.078751414856,-1252.581348431047,-2288.533321055216,-1221.454076586698,1163.1228764330572,-1351.33013921866,-182.36791745121147,-26.84653109850209,-1855.6792384026458,693.2554766032833,PL22_0369abeuvi-l7.png
104,26237.12687859741,-13342.95062141683,-7142.239274149276,-946.2267999928727,807.0501801174025,4898.495391963653,462.1254124222408,1489.7995602013607,-2182.4380753392325,-1742.439525497639,146.6749931887366,780.2752487960952,166.6266186501655,202.85207692690474,-1387.0768070202503,PL22_0007uniboc-l1.png
105,-24926.80743729688,-945.1556443100258,-2000.6273174295543,-2732.541874079518,1856.3017444338816,-3250.7679665935184,-140.64650060670442,-381.89148687679625,-545.1451339034426,-21.171239508191952,-545.2504799295476,752.4143462461865,243.9812246471255,-833.0806654196542,505.7078015528095,PL22_0500atlver-l15.png
106,-28337.387265420053,-1046.2514993871266,-3682.510346252102,-1803.2953543145409,3509.642705296736,-2666.9498000827443,369.4175822350845,-861.9445247884269,-694.4328930056973,349.48611044217716,334.28107458922756,305.62194750370475,-114.59926496084314,176.5613929040501,-364.8346870534964,PL22_0031nigboc-l3.png
107,20663.14263137417,-7670.829562067474,3881.4105251424103,1876.9795656355527,1892.9834294404552,-1036.7607768128062,-668.1901241098749,-2335.175911186344,-117.47289375664732,1443.991604673151,-3520.1665824905635,-1893.5106219929046,1855.9765839161128,786.4532605159563,845.451873679215,PL22_0364pueuvi-l5.png
108,28794.2329194037,-3766.056328731324,11830.95287616798,-1544.647523820834,-6177.409154671251,-2789.062667797701,5438.054006672606,554.5734844995799,-5793.987327772731,-5205.080994924391,-837.2352597916889,-425.1941240706259,2277.934624632079,-3449.0540569662926,-1631.4150067925038,PL22_0116pueboc-l8.png
109,5929.86139177629,-1453.5863076592775,5432.585616075383,420.2855029451012,576.8811948154834,1459.627673355201,-2334.899652793133,-1707.159544377635,-1096.8169608638486,857.9525188723516,-385.94006585171314,168.08243059858617,544.427070722121,-1222.278517392053,-785.2481115045136,PL22_0072pueboc-l6.png
110,22359.135158665158,-9739.057036465216,-10059.953435918584,-3577.250863297344,1721.2304837128438,3826.0003498639285,-3158.8667172181363,-199.12109440823858,-339.43284013663657,770.8375435842476,-96.363273673305,1247.0278434107656,-1158.7095017935535,1553.9324584657131,-1110.5226432817797,PL22_0291uniboc-l3.png
111,-24881.78984479018,-229.11871345292735,-3915.4665871374127,-1372.7712862714152,3868.7679098310973,-1247.7359961906357,-457.02264492385916,-676.3785302042693,-250.60672053465524,-301.59548589003646,361.40359360121806,-44.15627354478287,480.1173665872429,390.9317279328901,-275.13949746355365,PL22_0026nigboc-l1.png
112,23389.851356755946,-16210.30704494264,4407.991557216573,-18235.368191541365,-890.9442296052935,-13682.725900881336,1870.5176293443071,-28.66584580147551,4878.519239427795,2963.0337413252155,5049.731655905897,606.1523182095805,1950.3727324354622,61.78657636087372,2333.723681201666,PL22_0126gumtob-l6.png
113,14693.49310585836,14452.51297895671,-3994.803529282982,-1784.8748016940438,-1005.4557050696994,-822.3221242056787,699.8434775353692,-3337.303684825039,4293.180929594346,-2019.8986488044172,46.232863421965035,-1911.0474792400355,1859.3687380489012,-997.2226516816829,-202.6913840897816,PL22_0505casver-l5.png
114,13080.9537589932,17530.32353942102,-4957.33228612727,-3460.5186740047825,-2302.126204843811,-1523.181896470957,1210.0531812486959,-5469.103105859969,1777.829200887736,-2714.942281092569,-1093.9224907890257,-2229.4537193343376,405.9711315921353,-1361.2276170805346,777.6848254443155,PL22_0470casver-l4.png
115,-14547.065727279822,-2474.5611708025817,-1663.8476759305809,61.76140787294469,-1388.0335674827513,1488.3072921967093,1794.9044158796557,2416.9490757077792,482.91119434436956,-1033.1336093066184,-168.91900408720292,-34.764530888983984,1151.7612978676227,-216.7675419935768,1166.1173807889656,PL22_0113nigboc-l3.png
116,-406.1964913541024,-4359.794362067953,1137.071933964518,-2629.5119726327835,-995.6625156673836,3564.497205055414,3717.3925917838005,968.6669264722995,-2780.1142967267515,-1598.8515795179542,595.0374550289561,825.8764959875285,423.81973604820047,492.8796055140608,447.1809878174783,PL22_0244pueboc-l5.png
117,58071.760018449546,-31353.370936305273,-2498.652471845422,-6231.951553782889,-7250.66437254807,-3074.554025791775,5815.804124057813,8950.772545838514,2992.1073120909973,2767.7518784671247,-550.0867581408253,-2331.2307376794374,-1559.4918327563253,-3230.1205284286975,729.4258533524403,PL17_163uniflo-l2-s4-f4-c2-d1.png
118,28133.216198519844,4791.19746012672,-14031.543240558241,1914.1185759259922,4351.979027404292,11069.824413243143,-4839.325584708752,-1877.3304129593673,-140.90810591857152,-152.0867395766214,-328.33715100937417,1338.7522902994538,4065.725400007654,321.61847811899787,136.71114039210138,PL22_0045uniboc-l3.png
119,-21268.425768033198,-809.2471939730473,-1942.4695114377469,-2958.714592435191,1424.1711807825677,-2042.5142201593208,571.004305652967,528.7887346639114,-344.47573667120963,-624.1930019636651,-290.7612186034944,576.4750562914423,353.4733471438623,-284.1673058071844,618.4883808644017,PL22_0382niguvi-l1.png
120,3973.876759693237,-3832.1212529711506,215.00502007436108,-2899.541016329544,-1768.854341547499,3352.3253676347285,669.6224580133204,-2352.3820996852874,375.3831484994937,-4570.076434947303,1285.5879491233302,-1398.463139251063,-710.8233135271746,-16.089895971038814,-415.6423980965644,PL22_0503casver-l1.png
121,-4005.4635733874097,-2248.564254168385,3001.686645438691,201.86712808072664,1711.127885028043,-1.2476499732167112,2941.7918174918054,-830.9387177086658,-2548.3121303908188,-2722.8130052476786,-210.9472895775852,-226.2943713264069,-1716.5484313353343,987.0428844955416,-1530.0002052164896,PL22_0248pueboc-l3.png
122,7516.298665113802,-3129.2970292816412,1820.8790545828201,3086.340286258243,3254.7410609015606,5499.606056194271,416.0741938115592,-2009.5667895186368,-557.5767270784132,-2036.3492140622018,-1105.0934985578992,-391.3137340786616,-1287.1869107342573,-9.276295558497056,796.0063713494388,PL22_0261pueboc-l6.png
123,2364.3451520676826,5864.04241236109,786.8268208441074,-7348.8826621006365,-644.6922445976261,-719.7167449023951,-3176.8917182531704,-3514.408846979977,-1260.0614188973536,3615.1636800628876,636.745128782781,763.7648140634914,-334.14025152225065,-1323.965003638335,1331.6837239391787,PL22_0376abeuvi-l5.png
124,6422.000736348955,-6198.673338137274,6957.8035930138385,1894.9135403606747,391.1674085242323,1768.3897258534087,2834.898073826022,-288.31776035581703,-1334.9220309540615,-2963.6523906546686,-2316.6618987190036,406.0117304122693,352.7383203215521,1459.0050824059417,1444.3518140524698,PL22_0256pueboc-l6.png
125,32696.042029299533,-18676.08129669646,-12060.53771532042,1760.1748345652327,982.2764598876984,3712.569750541939,-2123.7411736914696,145.67338427609772,-465.2790700772595,2336.732086854961,1718.9322986027416,-392.09996162239935,-353.0195713781914,1731.69522108765,-1900.013836863948,PL22_0292uniboc-l4.png
126,6169.4632432534,11270.94598682999,2275.308782820617,2491.1438503034265,969.4821993259702,292.9058178698673,-1531.8828530802525,452.56244916974543,-238.01519180545662,-1063.8912705151065,-362.7325014041674,181.77945799685622,-969.5618891957874,-649.9537506990677,293.4878645164866,PL22_0234pueboc-l6.png
127,4341.8260190782075,-2958.392120503013,-9310.698741191354,-554.1269156476877,4105.458633137271,2931.585421023325,-519.5907991514406,-1297.5629633852413,-515.7716014733941,-686.8039306142803,199.05923886017004,28.442873996589654,-999.4831781561697,1999.7553285373397,-1511.1501753788552,PL22_0027uniboc-l6.png
128,-22017.988894226928,-2145.712732979017,1422.5177644313203,-3746.156794731182,-2519.7388089348556,1918.416025779245,-1426.9454826407161,1131.0665536573863,511.90442984507484,659.598018368166,-111.48766430297955,-1894.6218675834884,-854.8124139717252,501.51160929228814,-753.5610836310767,PL22_0391chluvi-l3.png
129,-19315.367267449434,-3183.1756704060394,3108.7246239213305,-2184.846573446288,-4826.215771250393,2455.038802128139,-1870.9266258486825,2787.1741721198564,-236.845339145472,255.96258872310506,-889.4773860502336,-1483.0872584392537,-239.02582906638554,245.09587007295684,-548.2865042245833,PL22_0166chltob-l12.png
130,-8233.468407047685,-2393.108840995186,1184.3612460011068,-1641.1218609436664,-2169.722535923298,2957.8764533658564,-1054.9715688709048,2257.8141921953807,212.7816426575532,-2168.7331357682156,-23.49392275805478,1123.616318803415,1746.881121360265,-1133.4182078336257,1457.5725882624758,PL22_0366niguvi-l1.png
131,31037.33556525947,23010.12596235966,-9541.24856570818,2723.6485783024,-2702.5550305640572,-3437.9958733122426,-2217.335979383068,628.2792166070053,-923.6682172756672,-568.1718734381175,-3826.408678890612,-2770.8303504457326,-55.57596421617756,1220.3620131150149,945.2865519359689,PL22_0335uniuvi-l5.png
132,21849.161149826712,20013.950985112486,6859.853489030699,7447.870724661787,-103.99230222958066,-1435.771742166862,-1222.2067879164151,6825.868668950952,-450.89309524401637,3091.591901202828,4068.6280774012857,281.1160119715484,-2068.5185551612317,938.2130512148182,-2853.0573147156138,PL22_0430pueuvi-l4.png
133,-21394.989005394713,-3125.220689695817,-1113.1626696730395,-1189.5020610347403,275.6599812946623,-755.1237101011538,-933.140012040728,1386.986201701253,-841.2980421031629,291.2087915403422,-331.19635204445194,414.3699325989537,560.9441991782898,-294.6779234440249,561.7308945034338,PL22_0317niguvi-l5.png
134,-5980.583318397808,-1994.5048151671,3202.9973342928706,-8373.689533889237,-2548.7419494640662,3640.9189863955107,1536.1743933690807,-981.3856494043889,-32.92108039399149,-2100.07135048366,1769.3381321041938,-86.11232672964177,928.9771981919425,494.2305877433278,-592.3614904532378,PL22_0139gumtob-l6.png
135,-9145.3682167493,-6082.769894864155,-72.35977375175122,4943.410595849185,1962.919643457377,1070.3120078359168,1989.8568895381645,1559.4347397067386,132.36964157672472,76.48494882433516,-43.82438580166347,-606.7972877214903,-438.06473807044335,-372.85373402044115,-265.8680705460849,PL22_0100nigboc-l10.png
136,11271.576901304745,-8609.386009627657,5822.2263376392675,-14383.800318695352,-1188.707546701029,-5064.360397917173,1162.32953071682,-1548.2074305551605,1867.334209601942,1472.7755367005163,4892.455293266681,-132.00498559465973,2865.543400963262,1348.0832557297474,494.92111870850255,PL22_0149gumtob-l11.png
137,26519.367629113076,15489.779491576972,-5699.048169456952,2286.5327239337,-2714.483516169576,-4014.779820820749,-3478.6894704567258,448.5067742391209,313.3320002887597,-1526.4322171397469,-1037.4635871453725,-98.3342909857174,1722.0091499858122,651.3809006508578,751.668852072339,PL22_0301uniuvi-l1.png
138,2988.144497568799,15271.031392162493,1357.893478356752,2517.755699675425,1699.529394322124,1905.9587489449495,-1069.7886086802043,1848.9972492302988,54.82465494959884,1362.4079347338247,1384.051216443274,2136.1814921296846,-1612.3694511031397,-696.3920255564246,1249.0589977602883,PL22_0278pueboc-l4.png
139,12871.408380056759,-4624.353850741485,7930.901588750098,-986.4466283774243,2451.782804629562,167.02122514949212,-14.596702721239026,-499.28775625996457,-3045.0408962435663,534.6367611923747,2404.3863931256774,1504.2135031089128,1850.88165333217,-1932.413684744034,-2748.16273595808,PL22_0066pueboc-l5.png
140,-12859.304678176302,-1958.8730092266046,3109.5448956101654,705.2028341026981,-4002.091764934247,3485.5722973309034,-1482.5785083416301,1141.2506762133917,-1365.6178866871483,111.15516947593296,-429.9335179008526,-1485.5645743371754,-293.5618122409691,-810.2862976628456,-1387.8647747521902,PL22_0050pueboc-l3.png
141,-16326.333351034102,-4571.837944561879,-4424.750320168861,556.9178078504658,2189.1223147827445,535.5086212005153,2320.136139960076,1823.2876965948785,-942.6954421897249,-7.7026031516922755,924.0866192171849,-283.99714237592,501.59493258026254,718.2940648117511,623.6551562418608,PL22_0262nigboc-l1.png
142,-7390.548698261753,-2173.2556624712415,-1912.2115446393923,3060.2189168624413,386.1319067604586,1449.4223256810963,-1158.7271072187325,985.794857472427,-227.39335583009066,-832.1010417439192,-305.1969159118918,-1497.0544595558858,1871.3154593884205,-852.669188457082,79.3023178166025,PL22_0073nigboc-l2.png
143,-26060.04781249794,-132.08757411884838,-1945.4205093036549,-3215.259081183734,2269.607739524727,-3044.666799752649,-555.5703690798617,-185.79194512272727,-409.8596243614214,221.31159245306281,-680.2522274031463,449.1036299255501,-107.99401143670138,-193.2713705229039,118.00285532937225,PL22_0511atlver-l1.png
144,-23850.338011025906,-452.9705912365178,-2198.9070627133738,-2564.14628833676,2672.8562694411685,-2429.0385990089317,415.27271869496997,514.1509190449026,-617.7300682837139,541.536538156475,111.36633909808837,350.3189282808163,-180.09889890213546,398.6514046809052,99.17401191175135,PL22_0488atlver-l6.png
145,-3284.609625459061,12672.327374449216,343.6542475418669,-5414.150019553355,-1213.3415597111712,3398.301809106201,-400.9591799400935,-1538.5810703617535,514.0589822808481,4383.3609130233435,754.7435942160838,873.8849579911317,-760.5525878191708,-1577.0348678936964,566.1244782374135,PL22_0368abeuvi-l4.png
146,6753.336197122598,-2387.7631033647112,2938.6831754531054,312.9092561009649,-280.7541690021868,325.31142643247387,-3208.0467787911416,-2094.4068732749,-3387.374220784217,-1265.996171209682,919.5322156547824,-1469.4672685146577,-281.8631001004305,-229.25098701483026,-517.9044761000135,PL22_0013pueboc-l8.png
147,2063.0551796912596,6518.580449747261,-7665.19215459878,3736.9585951501513,6629.901093032211,-5007.3051819066495,3117.0888284170373,252.5459323026241,2365.7801471667162,-1764.0704244061242,1911.507054485381,-2665.191585697606,2816.952358765047,121.80780743158866,2775.0784004227203,PL22_0247proboc-l1.png
148,-3288.181913031389,-3948.5873905144767,692.7990830371846,-546.8039019286198,252.1474630039009,3176.535834614919,-522.8419420490501,1410.1753383417708,280.8433193895027,-50.14372203858071,341.9367583795454,-776.7656209339784,871.9488813778389,-384.5343395763902,1887.7221654037648,PL17_104nigbel-l1-s4-f4-c2-d1.png
149,36775.00109481107,-6915.8788395725915,1279.6597391231967,-1825.2071094243636,4450.509668027411,761.6712678152456,-1527.376494512394,-2385.6498312563685,-319.9884794808728,107.51791163325402,715.8227520400903,-2857.4270095676748,1592.6592270702567,-832.1956973676189,1766.5692119904036,PL17_130puebel-l3-s4-f4-c2-d1.png
150,6780.885734154252,10078.643653260297,5460.07799396222,-10793.053553228512,-6271.5875013195855,-751.8994219064411,-984.8362382482226,-2911.672118042868,-254.28466948448295,1607.8320011712333,1051.9797409288165,590.687609556345,180.0388995787072,1396.2194950460437,101.56452034285984,PL22_0158gumtob-l3.png
151,14572.65991596153,-2700.2050216929524,-4818.012677687771,-914.2094775797592,1522.8896094626448,8480.2513601694,-1137.9965536328018,-592.119291849303,-2727.034834764126,-1157.5812082543723,-847.323970955864,2760.32070190388,-417.8728529364009,873.8467310115334,-410.4342039264414,PL22_0289uniboc-l1.png
152,-28742.997355978863,287.9136106555596,-2127.9293380730296,-2846.2245581896373,2868.215330807848,-4199.8027852901705,-736.4414519273622,-688.781626530257,-566.6193228870703,294.1405631652357,-814.896348731223,729.2990473811772,-81.89642860856259,-522.9071502329845,104.67791810852579,PL22_0519atlver-l6.png
153,28505.54735465029,-1001.4003506199168,-6129.978156109568,-1955.6066572228044,309.72747459221426,5151.876865234626,-2579.985093847089,-1807.2507136317763,-2812.5757292958137,-558.3712794386937,-1414.3096555267007,1690.1268626408464,-478.2906176944949,728.5678953785679,16.73569020983941,PL22_0023uniboc-l12.png
154,19382.161932787636,-10722.518089654177,-9110.907598536547,1744.8698485068617,298.3485890460992,-928.2416089846187,1595.9865842263991,760.7701243849353,-1534.9160678792,-75.89280587550267,-1593.9288002458952,4020.83497690363,-1246.6681201291904,1349.4102358715359,-2386.2197853487737,PL22_0036uniboc-l3.png
155,8797.904855121315,11783.05310391476,3271.3777847831357,-826.071449855959,-780.6541126663202,-1752.5095576314143,-1891.8547158177198,705.5804679612653,-3021.362602447401,-2045.7355149757657,1532.4141721825804,-861.877358027382,-2578.758214767607,-1221.8002015120383,421.3810951965294,PL22_0196pueboc-l1.png
156,39415.21759660067,15869.55495896363,-8591.219535118165,4355.760438407284,-5688.203526700308,-8576.697976269204,-694.6523278696784,3530.5242347972367,-3209.5544275816505,-345.03560026199636,-858.5440559988646,227.3412991518083,1579.7120353933803,5614.382162384531,-1269.243127638034,PL22_0252uniboc-l4.png
157,-21273.90194022033,2185.1802420100175,-2989.025558683819,95.19195371666991,1654.2313240080628,-1412.7373545469534,547.752161240526,1054.5984987734012,921.5200849546577,-634.996910724004,-180.29882666616754,388.8527940089536,1096.3690697061977,709.2403052325482,90.28319999616845,PL22_0221nigboc-l1.png
158,52775.530566537316,-25276.43495747117,-4938.617972570129,-1475.078601709857,-9610.792971572195,-4378.959627902007,10367.93625805726,6297.080224714169,-599.0939765368506,-4930.247371111647,-481.9589283419884,1094.7254039762279,-2192.2894031717155,-643.3955144419334,1079.2992334065782,PL22_0088uniboc-l8.png
159,-3272.4193652175068,16133.425665487033,-1204.4207960829426,-6520.070744539294,-1865.69814825062,-1.0931844935060395,3025.0070164146196,-2100.7605120603835,-80.50658664455092,3521.3366170695376,-1934.05827676832,786.2051181994522,-1503.821995401373,-792.911558353181,168.57910758674802,PL22_0381abeuvi-l2.png
160,-20813.012248176463,-4020.3603204501155,-3334.687747521892,1210.332580065676,566.954487850102,-977.2973111325124,983.7977640322972,724.36216702371,-1150.573820561306,-642.363571052144,186.8262551235875,-435.9418447995883,574.5566460704185,-360.9214834779229,836.8176247806668,PL22_0082nigboc-l2.png
161,16825.18505805862,19107.547408052335,-954.9054259752413,2496.5778255231603,2916.5357252932654,303.36241086155275,1232.1703129407176,2870.6997489083824,-621.3188873284748,329.80600372402574,809.7921210036827,408.59834272975587,-1221.8350767474415,-525.2414828849969,905.6090310073785,PL22_0351pueuvi-l5.png
162,-20869.179551549518,3719.869105616953,-3070.330713862339,-159.73070130098074,872.1083999087994,-3451.2223004603707,-0.9794355368852248,1034.5841809288122,3.085427786292604,74.62481758421775,-1147.9462165843004,-115.12568304048231,1250.0103979888613,100.84725932893394,380.39854155052353,PL22_0337niguvi-l1.png
163,-25268.223836946025,-541.5461838911834,-1392.2779827412662,-2807.055727956709,1749.0071474530491,-2314.7890027634653,-262.0077296007162,475.075484789513,-440.4962345109787,320.13040573208457,-240.0843078131975,468.1506474123042,98.56309443495961,-269.6634398871465,756.3422714325559,PL22_0479atlver-l11.png
164,13957.647459740709,18498.160217265395,-3302.1354341447877,-2055.5509824106584,-3152.3780141150905,1362.5322341697824,6438.901181248935,-2288.992030399867,4134.691080847121,-3231.7582141827293,-1948.5792244793556,-1331.3817824180967,1326.1860294139997,-239.58461651404514,-1452.7163401620833,PL22_0494casver-l4.png
165,18570.732714807782,17310.806024317928,315.45757508269537,3216.8775674675653,1309.4604411009902,5377.065873822682,5770.643818717914,4571.474023112452,1245.2639924026973,667.1521509031608,1096.1078501726558,2397.577485590574,1794.477105045524,-1819.1465469966697,352.26304762526934,PL22_0079pueboc-l3.png
166,-16597.98331948146,-2709.6927494230563,-2704.7667802016117,-2243.487581446873,1742.052327724091,-82.09678762880124,1214.6084395341811,1417.1361221620718,-301.7498496168494,-109.8192913249951,-137.57132311600992,-128.8820826735484,1074.5039733522856,-310.7714369599689,497.3698293391336,PL22_0401niguvi-l3.png
167,-21951.730136354217,741.9191070590383,406.2413779322974,-2510.6792792550473,-1613.392037551281,60.919495842386276,-1370.4340159815627,1516.3946498845473,523.0600405159133,721.3606450479107,-992.6292278002843,-682.3202884847442,103.5275142835598,147.79948123059506,-30.87476334144095,PL22_0396chluvi-l2.png
168,-20261.377778120263,2521.9751971732276,-3594.1443451476944,1100.459547483083,1102.61766250608,-854.4443672237354,-633.4260461577869,1575.2822710244827,620.3558077898025,45.48734277225986,-496.30511365941584,554.5411302005703,1575.417840011995,141.79192560891576,965.1486495759,PL22_0314niguvi-l5.png
169,27519.680146125942,-13020.366877419548,-4175.820089849982,-5963.088926033029,331.45166974117706,-1681.6471675443017,-2115.4425810653856,482.1779784028432,-294.2865879988494,-2026.9387646894597,-3119.1845652145066,-489.8633984628117,1846.2961855076906,-2219.249755290238,-754.9228301018637,PL17_164uniflo-l2-s4-f4-c2-d1.png
170,-12561.566409400595,2319.008313179394,2365.8202969526787,1282.9540671742654,-1882.1330888725079,3593.303304269665,-1414.2989206249165,2446.0195570645647,1483.999323739822,-540.2564830014509,-153.73636265949193,580.8034740464088,1205.6510311160748,-12.367563283725445,68.44234699732928,PL22_0211nigboc-l17.png
171,-2435.348548824733,-7527.135378348533,5765.726548217725,-578.1602597415273,-3646.2767832779427,4276.851491553926,4232.335126607852,1696.1150962027268,-2149.9296904743305,-2853.7845051924583,446.39725044637066,-1326.482668891183,-1396.3567162612205,678.324973014881,-1703.0503711667013,PL22_0202pueboc-l1.png
172,18674.610467032016,-9484.96942522759,-9817.307971649965,1743.2655694984326,1240.0630969234633,5582.638821325028,-1513.5542725487885,118.21723100453949,-1707.5287896768673,-1431.01785292849,404.2318249257503,2069.275567599351,311.2785481915516,3078.369406683605,-1636.090807679448,PL22_0285uniboc-l8.png
173,-12059.283871776053,-3091.9224112796187,-3009.944856163813,-434.84575792911363,403.2797529462355,-535.1926772607665,-249.6239807653147,893.0678327308167,-677.0343858252338,-532.0590822967706,744.8222887349993,334.2736110491355,-235.73923429457994,-1134.1616418612373,1548.583814298221,PL22_0024nigboc-l15.png
174,21687.499211109152,18227.380286606152,-6693.97754649366,2940.5906030984434,-1499.4300620239858,605.4977330523215,-2558.082180352264,706.4154454571906,-417.19917640080183,-1728.3930320824727,-2211.0574871447097,-264.3167544062534,694.4714905356846,1121.462550718979,246.60392979659875,PL22_0296uniboc-l6.png
175,-15007.072103381237,2028.4665198643727,-932.9029206175737,-4678.150934761394,-253.25880379806893,-384.4836075368693,-907.1688916461762,-2302.500919958338,-880.0443511885643,-11.678356176133917,-531.435714537178,338.3382661584033,-238.60419977764928,-1068.8972267270838,944.7248392485726,PL22_0305abeuvi-l2.png
176,-20209.654518446398,-2310.299550472891,-1257.8148644719556,-1672.3709141787815,862.655252364226,761.3153302889566,378.8612979747893,753.1605727598369,-136.73386282491938,-1854.6222490771656,-313.315354315559,-889.063815628969,-428.5233874254056,-809.375330945162,658.7683833427125,PL22_0194nigboc-l6.png
177,-23202.87124532815,-3029.543815104481,-901.2771810893303,-1970.8672992833813,280.71054669845995,-832.8655338195291,259.8161546771841,942.413369003668,-1128.186827145854,-1032.012202360277,-479.1987438222785,-153.66502979994294,-68.42178857513152,-115.68527032261942,469.38444567691414,PL22_0272nigboc-l7.png
178,-25488.676450175582,-795.9762026942648,-2008.3386078688804,-2320.602292886846,2256.3596978829837,-3378.4467724812803,-84.93746962051871,-392.34081321864403,-290.43473075686205,53.58453235043813,-271.2341817491025,838.7586220792834,-252.3679312160171,-258.5066532890546,83.74743947229328,PL22_0497atlver-l6.png
179,4737.931276554136,-8524.111027941726,1142.572236765383,-13398.895552461006,-197.04514100014373,-575.5443233396358,1849.4510667827421,355.0454196192651,2673.521024251271,874.9830253990232,4536.0975282010395,583.4400672932736,562.7345772832476,1486.67330786989,-378.71189412896035,PL22_0171gumtob-l15.png
180,-23114.11662293101,-1532.256707662971,-3728.8531166939833,1236.8865596156768,1106.593064351223,-1792.6411628432325,127.59646427400327,555.094299412634,-886.5834066915784,313.1806360264348,-176.37137090129866,145.7071273608482,700.955440745474,-184.72501511199567,685.1784849376487,PL22_0053nigboc-l2.png
181,-24719.797641759094,-3057.1176789938495,-3722.2644426939987,1093.0506494620586,1608.6387838933097,-1798.7317599956245,-209.98177618499352,566.8465700674662,-1112.9327700270705,311.6082093176843,-286.8294478158409,-314.5131787028247,-452.06286978865387,25.179228144768373,-37.24697696256048,PL22_0209nigboc-l6.png
182,-16703.55435815529,-2339.3024734275186,-3310.959639106612,721.0256970199064,1335.7640934707479,-1090.0181136257102,-537.2958847166,755.4746183430653,-513.909376721925,-415.95899752665576,-5.6461594981239625,144.06963910978416,463.05887054569615,-21.1880656952831,260.2876070458696,PL22_0058nigboc-l1.png
183,17701.47147444924,-9234.077282792256,-10310.593966767121,1501.3557805907994,1163.6154842257833,3525.909551373677,-2901.6265333360484,-1040.0726299685343,-24.082342289747526,872.3363974370931,100.54093596162734,-19.935154588257596,-213.44946363823675,1714.8206391477283,-2069.6358440841705,PL22_0222uniboc-l3.png
184,9366.70120516394,-10449.888217707294,8085.53758715016,3537.535159664582,4910.518579008359,-2837.985293286986,2922.485810407642,-666.606215013574,-683.9476347695908,2769.3007743921285,-2176.310583271113,577.1388063457581,1012.6930040224298,325.53551090418773,-1533.9953996180732,PL22_0343pueuvi-l5.png
185,-642.2888592169411,3679.6056090432303,5197.160962117204,10978.044306318745,-628.3591438018108,-6368.292662425326,-1816.3789565252994,4403.414812000533,2452.253892885335,-3706.218491785063,2759.7705060067956,1252.8569962470049,119.06554243968579,-1111.639971426552,-3745.5818832436125,PL22_0435induvi-l3.png
186,14906.69237067927,12371.225292085528,1277.0040797391398,-12247.612747415787,-840.3838283519038,2890.6830326739523,5630.524185662628,-977.3217073994139,2069.598142470988,4360.492960622385,1063.7164517256558,890.8848071680827,2735.010539964481,1047.2289587220591,-1353.2620693104363,PL22_0125gumtob-l10.png
187,-7513.839440552155,-8123.315727515713,-1769.8407646952658,1694.9648416949046,347.80905591039084,4607.93671371556,2991.062462526635,3056.8607624280626,-763.8490350729542,-2063.457687129385,322.97204823445117,40.43446680688036,1299.2002983746527,-1131.6851810868875,866.3349321679494,PL22_0188nigboc-l7.png
188,3760.1238023065334,7699.8406381525065,8200.680294253752,7509.724073694786,-1405.3104281442406,-6228.014517235989,-2904.8168569673294,6476.6200863746335,-1547.099407290483,-1127.0510933479159,2831.2805285703057,2257.948436662235,35.374596934874404,-482.55724476562153,-420.88391795411826,PL22_0127puetob-l6.png
189,-7116.05457333506,-8222.688686832302,6757.062883874099,11012.683931351017,-949.4997392281497,-892.077823161537,311.77804792050745,-2502.2981751011725,4880.988260121697,-814.751667028986,-1907.2925325899944,2597.8518072838697,-2224.5093217998083,238.15791519453,-1019.4950327803914,PL22_0390induvi-l2.png
190,12526.76313668523,19548.827341470827,-1398.4827937517066,363.9151335548603,170.6690102091165,4632.1390931001915,6428.252940134348,2099.2624057878934,-234.3550205134101,-529.7294811342828,-2768.983306838654,-1028.8424307486619,603.4638278658643,-1357.5922169344487,-2038.7088163839337,PL22_0235pueboc-l6.png
191,-4862.946287273114,-4974.373429677721,4300.334150651102,4393.496109977331,4364.3670315578665,1156.9280115878507,816.0401522833971,-1407.0756527884491,413.9534847194815,-1317.2535660013584,-1307.1222024939595,-567.2949223411166,85.47327085039412,2856.913832808749,129.5839227572427,PL22_0138puetob-l4.png
192,-2729.555545060418,-860.0307875496221,1483.949933827037,-50.944044167579705,1043.4867698618702,2933.1610713433174,-1573.3541017953369,-1135.2060960790047,-2414.7426256018616,-1484.0790569870637,168.20896674088934,-141.74710543818017,643.7529229799071,-1494.3346185338478,382.0912389643542,PL22_0047pueboc-l4.png
193,32832.28346300822,-3240.011465594704,7317.662544680031,2094.4558692185215,3530.8412585370993,1581.434549403492,-4937.308020731536,-3345.3426808954737,61.0129999542453,6020.396067630121,793.4845709803762,-263.41073659853464,-84.89487670405714,748.8026502000525,572.2106003081791,PL17_110puebel-l1-s4-f4-c2-d1.png
194,23386.054618559232,-7288.5391224024215,-6386.940350810952,-4080.308387075391,2810.2687652523564,-482.93275067549035,-355.52041712763634,1217.7344833677932,1237.7421329468136,784.4723646516736,-2157.5893661803375,-551.0119742309766,-861.9967596827589,458.9896787540617,-652.1937745882984,PL17_137uniflo-l4-s4-f4-c2-d1.png
195,-8026.909212255611,244.2144294712407,4118.144647358446,321.9245502887582,227.48613923978795,246.4571995350777,347.23153861316393,-496.4379761644148,-2181.951738437251,-2033.5644589806848,-1378.432777583481,2162.060200536061,-56.35442909863326,85.18199080670261,425.77142335641867,PL22_0266pueboc-l5.png
196,-17474.39257957321,1962.8468238786916,-957.6604335975967,-2601.6673580226256,-756.6184929655818,90.77241787614847,-1375.0617792051842,-1464.1433704069323,-733.5610667236776,1073.3314244719418,-132.85254912854248,667.2801508318094,-853.4424767354906,-760.0301092271251,193.16380622175154,PL22_0029abeboc-l3.png
197,-15111.001753290917,-3470.3542846209043,-4031.4824779077103,219.0021112847495,1950.511151376398,-400.4247689251471,1703.062907724777,1024.4137220747873,-451.3458885140574,-585.0518863371035,628.1516464444528,-455.4662440734866,683.2388077448345,-187.17593196555464,767.5210215012706,PL22_0220nigboc-l5.png
198,-1044.410161541298,-5256.173407977416,6260.100849619964,-756.5573699039323,1785.922762838207,695.9537095885886,2457.2533135033536,56.61491058056367,-3117.406069603516,-1177.059366943819,642.7581006046827,1443.315539022134,-529.497284254037,422.2380402125062,-1225.8805847272376,PL22_0233pueboc-l2.png
199,-10376.151391828975,-5094.179517569687,3634.004501081317,4905.818368772644,-834.3023922095057,161.98177632129259,419.04094251193123,168.8388363043438,3470.1214295322807,-945.3539809343737,-1235.8391682257172,128.60693609502923,-478.19109785614665,1185.9606795575128,-316.69766700621176,PL22_0433induvi-l4.png
200,14756.80837432158,13064.086498216084,2999.968872586284,2378.0053661190836,1698.0055273809605,737.8187682017204,1448.2571040647642,1946.5023617786724,-1427.9273013632592,-543.3904990711717,715.7883527018193,1188.0768653066236,-715.2541524892679,-412.4172148139413,-940.6527901797124,PL22_0231pueboc-l4.png
201,37324.94046549504,-8887.596275800985,-7496.419109383629,641.8719526045143,-6882.92026089566,-6627.985940052652,-7486.899054016418,-1528.9118017361977,-299.9969367549096,-1493.210712712087,-52.282818423027784,2950.372847792049,1056.485965207818,660.7535783129185,41.495371882990455,PL22_0273uniboc-l10.png
202,17942.621107786374,15391.178681434763,2054.5631031346907,3848.639600463339,3680.353953200976,-2100.9117825253334,-1089.5581566051942,1029.675734656341,2381.2013343424524,1733.2238589135425,1619.189040765563,29.240258861799422,-303.98811160117924,658.6689508175035,1909.460058829761,PL22_0350pueuvi-l5.png
203,-16551.687937653056,-4512.672657483069,-424.1590760852079,612.8342704481901,1988.819017351145,4001.2015759686083,-1059.1410193958066,951.9941711429942,-180.93863895772478,-876.9907047475207,835.1831798995137,-305.9611939298955,-931.4150245430924,1075.9629516134346,-94.42029315352637,PL22_0216nigboc-l3.png
204,62670.55224728561,-28184.51658527024,-6435.145257730755,-8516.200570829595,-5307.638863556859,-5636.231578305326,188.11517521866702,7516.415135341574,4440.749163774083,2968.6738021075744,1375.4091854377396,-466.26353835231987,-4956.751984585129,-3369.0254087706303,2663.4562302607974,PL17_147uniflo-l6-s4-f4-c2-d1.png
205,-23033.293044671653,-1952.9497788074336,1099.4385005357808,-3152.0803290898402,-2508.4804717256184,-373.8204809275417,-1067.3341818061926,404.6959254145284,243.36714020394336,255.5582699355813,-691.9830123443085,-879.1687868010778,-566.2266967945277,-624.3168277619595,88.18447906351771,PL22_0397chluvi-l8.png
206,28465.82948182028,-2867.021767663605,-2984.6472609125926,-4611.279768572196,-1527.1739242489289,-992.2380557810055,-88.27928055576898,142.79751652843862,330.82740909109475,-543.3792654418495,-2575.4162458775677,40.777891776131305,-484.82044957021424,-2125.9483760265953,946.3020005435316,PL17_150uniflo-l5-s4-f4-c2-d1.png
207,15798.420199525159,13936.361347642665,-139.47682346599495,-11873.16655316517,-2085.4341864362978,2222.290956242984,2729.1166371067484,-2833.880001286988,-673.5714640382961,2413.111864441909,129.48591199090382,-1263.6979489682872,906.8236719370547,1741.5295634206332,-1257.3229444947654,PL22_0128gumtob-l3.png
208,18474.571543128648,-3120.939451959072,9551.483891354967,30.757431166175376,-2214.2453956897675,1152.8914494707265,4705.8158993090865,1331.8288856585343,-1883.1318183502026,3642.2409497796452,-3644.5365221927823,1837.4345063326346,1538.6605324281636,-1036.6320808645407,-732.3739868047039,PL22_0108pueboc-l2.png
209,-19622.94244226021,-6242.581171690322,-6658.626137502046,13824.450451592613,-7677.296929786876,-1490.7421225481378,2580.7469092620727,-3587.1833837391086,-3202.5219125552103,1966.2305758755224,2096.577934123069,-446.4824416199757,-1054.2943628881728,-1664.1104839050938,-111.7688991925465,PL17_124maybel-l3-s4-f4-c2-d1.png
210,-4915.318649148769,-3448.578633750899,2738.1779789853135,-2067.256052081763,-1335.6244285981484,836.1635874323928,2463.02162660129,-2968.972502057692,257.8132204327759,-5059.496027627985,248.9477305605182,18.422669585744718,-930.2932777821695,163.20447232209548,-1064.5721035448712,PL22_0504casver-l6.png
211,11301.718289119464,-1832.143107765633,2547.1116703190514,2362.5868586456827,6877.083049257514,2265.977895804805,144.86925615188474,-1106.7576379920995,-797.5530398891625,-903.493218134546,1986.2030744679137,228.79742572811773,-1594.384739863211,-4278.353655359639,-3848.0705328347335,PL22_0062pueboc-l1.png
212,4622.656045381221,10809.623817011794,5260.4464089052335,-9178.096087628986,-3903.348912432065,-3515.8352784215986,-1908.9466435615332,-2551.066400724609,-231.53180446510532,4829.639982577312,2955.8716115561406,861.9640076270124,265.21234978379556,1482.9250774524228,570.7351399136165,PL22_0161gumtob-l1.png
213,-2432.927783532984,-2935.6427201952188,864.9851738692485,-3657.567780120975,-3219.808394820426,-601.6752941834926,672.9291302646909,-2991.0305073045515,2078.516554112918,-2992.806792663312,399.95748888371287,-638.4611349845655,-745.1291793443603,67.70456915336835,-757.3192733299128,PL22_0475casver-l4.png
214,-3580.031581813125,2356.126241331524,5823.921683957314,494.1798438990467,-1734.2058974582499,469.78985947148425,-791.6574506857972,-1128.0644143802801,-2129.834849605299,-2648.902064788747,-935.6604182301343,2472.867133350184,279.2983801245665,-950.4168675513099,1921.3126752884311,PL22_0270pueboc-l4.png
215,-6316.660048804528,4672.060784826892,2886.390617085326,7992.86012623467,534.7554474037436,319.8945903695116,-353.71584510086325,3129.706862986845,7889.628780394673,-1009.9711232173042,2427.8899263827916,2150.0751932838734,478.25443235807955,982.7176855903681,-793.2242328730606,PL22_0402induvi-l5.png
216,-23484.662300895798,-1337.6606011211184,4429.257405441811,-3501.2462814089827,-5728.570571472142,2224.5025215265623,-2669.1595419097766,1526.9599823009726,497.21522511955277,770.0365170882959,-1031.4610276299445,-1891.5259846692713,-174.45917316982462,509.524811022484,-1134.6759219818846,PL22_0394chluvi-l1.png
217,-20753.061865647618,-3066.7836052153416,-3725.690051365249,-676.9971212163704,2252.6622976245485,-1042.3082785653435,706.5967370968444,512.5285755069632,-926.0486762325509,-902.2001047789662,637.3132838309683,-391.2129738177365,431.6555705123079,-266.3516054316209,904.3581324430188,PL22_0312niguvi-l6.png
218,27392.652806801732,-18417.168395960423,-8257.079257910966,-1207.3042680349936,-648.1648347122294,-2071.7156878541937,-351.9646833216252,1081.713849984529,1230.8326188392587,1735.6647068390466,1380.4518748599298,-986.2171957831382,-2069.3529720071956,-670.8971018452775,462.4238195645477,PL22_0423uniuvi-l5.png
219,-24886.00480728629,-1755.1881966742958,-1619.3954109589063,-2143.539028418193,1765.9131220631482,-2899.711947304785,-342.3640039464029,-358.59468494622945,-352.70128061044767,-458.19946192837295,-269.39939379944036,440.93285382944345,-33.609368676909156,-496.64010187510627,339.4331913555012,PL22_0495atlver-l4.png
220,-25951.661144644033,-354.4242794305088,-1145.3056449199269,-2895.1690101967547,1478.3805495109991,-2611.074127891879,-458.4367048120561,214.6175288386197,-214.36058393290398,52.19438572826561,-769.3070289118224,554.1821043374702,74.86882396913471,-256.4120487004464,203.2718438305725,PL22_0477atlver-l10.png
221,10076.556183651894,15508.624244808285,4850.261630641992,2979.089773961512,-891.2379219061362,-5319.383587662888,1301.0731760689741,1484.0528966431,-3889.5769500893357,-4238.781291514358,-1884.7022494108594,-1285.0964781556168,-3674.848370143951,2091.6527748740627,1493.0553319696485,PL22_0236pueboc-l5.png
222,-8812.19828421406,-7959.93452654937,8600.666354820185,7208.0380864752615,1744.1906907463936,-3834.812057855776,1366.0348846219606,-3717.1617290657946,3590.5496945317495,204.21042661225178,-1720.5811719645637,3214.973778382517,-1321.6110583698514,42.24051179316711,-2953.473535677084,PL22_0422induvi-l2.png
223,-22989.98427366871,-3179.601231649934,-1523.2213803347945,-858.035023041689,-191.8413715444981,-1907.5010889209454,-104.59809903186645,437.95802624381133,-787.802937884197,-435.11980609453286,-328.56978120655594,99.44014925942774,-76.78756153265809,-662.7610232539465,756.5939425863942,PL22_0229nigboc-l3.png
224,20315.74641753051,18545.876874102487,-992.3900143909399,-2693.126336042801,-6408.020146030319,-5699.063377542506,-175.03918635397469,-2832.78501173682,2418.599949209065,-2399.695835518303,-163.59567458711024,-2780.141858743487,-1576.5589822800569,2492.467564378177,-1185.3817335858362,PL22_0471casver-l4.png
225,-19343.01491741041,3585.822950442203,-3218.176140653389,-1331.263449038687,2704.86541055254,-2502.6847371962854,724.2960211201395,1099.1355560026013,921.8718080453697,410.9165962463557,-355.78421720954253,21.26993232364958,1640.8430238440594,-160.95893214490638,53.5422881965857,PL22_0385niguvi-l1.png
226,-7101.427667827793,-5883.228193257562,7126.1470802960675,-839.5187651681223,2430.5126245744705,-500.5999178945883,738.4770537223744,-569.2464933711334,126.95959705654114,-1800.6065165197556,973.9182847354356,1364.621119927812,-1180.9550124550685,-2032.361992197509,-2568.4939756487684,PL22_0224pueboc-l2.png
227,30491.554072656258,-7379.397791049215,-12073.944960130553,-298.04150210402963,-437.5743411251464,-603.1574912027321,1736.6095187370147,674.6759164984819,1257.922437703054,423.43496024989946,-314.2275281597671,987.3774694302235,-2527.4078309186093,-14.476918888472705,-1736.6223632372005,PL22_0105uniboc-l3.png
228,29787.647015694267,-6182.806284449961,-10409.467089452382,827.9660297031646,-394.4093719827281,1932.5543226590842,-2901.838347222256,-66.92503676168884,-1363.6762173075213,2978.817897738678,-1125.0122772976665,2705.9399679758617,66.26502716432348,2343.0133122336388,-2842.609803456994,PL22_0300uniboc-l1.png
229,-23240.496974518665,-1102.4627692492727,3883.5465275779666,-3347.397619164037,-5628.4658393426935,1424.6946040413477,-2374.213253838789,1084.32258249019,386.42857026908064,691.538509476325,-1086.7931116127982,-1684.6982894405498,-125.94322888342505,112.56497044784439,-431.4484091204253,PL22_0407chluvi-l5.png
230,-6356.595618909342,-4144.574517851383,-869.645029724784,255.50469080393876,5103.68755480826,39.76315015815312,-3974.63915666459,-1191.9313159930603,2736.417713623861,751.9431308754946,1237.5882655950388,-1764.9478811945255,-811.3075359231709,15.978661593280279,-160.873270879026,PL22_0225proboc-l4.png
231,17341.577424790077,11213.001493915588,2587.570303526942,-12121.606330516419,-1583.527423152384,666.9458989017261,5208.103658487812,-480.00770867431254,2874.6781000632795,5777.309641116128,1666.2514191303928,1886.4372311666918,3078.9473899038603,14.341149209983234,-237.39958219358692,PL22_0121gumtob-l4.png
232,2867.1268781259823,-6018.834760086854,3787.9784880167826,-12893.400699594244,-136.8103658161936,-5223.446571548647,-1275.5150383265109,-2781.355522112614,1908.3027774219931,1679.2765784291628,4920.65244027137,1041.462985843556,2619.496349387227,1120.7807552561867,541.7927707945321,PL22_0159gumtob-l4.png
233,27570.540792874825,11719.136382238134,-8697.0309769099,2211.7675502004577,-840.0142288505681,-398.12329163934044,-3149.1860154186247,302.9885275612798,971.3527786078363,375.37714352264584,-2123.0748586981417,-253.18369631021076,3370.2294490002473,668.9981037230575,-733.9162199832316,PL22_0034uniboc-l4.png
234,2133.595204785539,10082.567440024412,3803.307510648054,-9837.405969216472,-4331.230817623097,-2916.4042988836245,-1113.537338734253,-4175.4904764608555,-963.5942214679386,428.67101265869843,1505.7136115827552,-412.16145100860734,-755.741010894549,1206.8072185902345,-10.019496910826046,PL22_0279gumboc-l3.png
235,-6216.2150223980625,16888.942696819064,-2643.16541562878,-5487.959398966028,-389.418964111962,4129.779737822105,6522.141406970317,-537.730416886544,1868.853424013832,4332.148581609652,-3571.2764506830194,2867.832140100824,-122.60719971046605,-2081.4726763229805,-195.50799472072066,PL22_0380abeuvi-l10.png
236,9829.489662563123,13507.250695124621,3811.4040812826124,49.944032594489,-364.1065618183039,525.1389349632009,1159.8683155241406,1329.8083803429695,-1770.5508649289377,-1481.7602549904448,6.751685690825222,174.90756584587095,59.54129011606399,789.2517131424552,698.2385266145751,PL22_0255pueboc-l2.png
237,7191.3987932785485,14164.73953744374,1761.036039621077,4524.254620726386,4161.398217080991,1259.5283788594425,-280.93675659331285,818.8210985032547,1306.5737545677687,-283.2133179296854,914.361427716593,-899.7988218102798,-2607.95655947807,-1778.8198634353198,795.2459836609935,PL22_0057pueboc-l11.png
238,15649.421308474759,-4629.682084717687,8720.5157080237,-1011.6552712200918,-437.4276041321321,-4633.991442200605,-501.39493481238327,-2263.967836473985,-1468.6099604928438,3179.710357278482,-864.0976455478414,-2212.983177760262,1118.2130870109836,-747.4499074313286,-461.9541237991281,PL17_094puebel-l1-s4-f4-c2-d1.png
239,8559.79461211625,6268.322800400073,1515.6734738722066,10027.972040024595,1025.4740158984,1031.9924278516244,-2743.5902424004803,3445.896627234536,7213.2445110693925,-475.2979469639164,3975.8023972602705,826.401554222334,-1162.108612476266,-653.4819221650222,-767.5383312773788,PL22_0330induvi-l4.png
240,-12041.64321715159,-3472.827595966221,5815.994404781452,-1246.1118851701135,-8825.5748872704,4928.944301627903,-3275.771460085961,4445.658570747437,592.1812592885998,1322.3732235884952,-943.7727724719145,-1830.6577817130658,856.7928494287391,988.8693797865504,-1722.8337258648692,PL22_0177chltob-l3.png
241,-25154.91459428206,-2276.9138823699395,-2971.5788082133026,179.10487453845488,1215.9261033067623,-3875.9366366183554,-102.08463672348338,-313.7698577911941,-1037.7696915586419,-30.35511919895159,-431.768412789034,445.0994867748074,70.39275796530252,-558.3134002227281,307.3689898402522,PL22_0210nigboc-l4.png
242,-26146.273933164655,-1731.3610033867612,-3464.8102438821415,-1960.6593426119684,3467.168793535721,-1796.8049089678013,300.2359068004244,-146.72829970831378,-982.1225646066763,-175.5840312577436,194.15065731172263,-295.04172012652487,-659.2528406504209,712.4758457435253,-362.7495808914528,PL22_0115nigboc-l4.png
243,47052.394517106775,-18739.609361797757,-9592.421979840583,-9254.281717120824,1082.845749831913,-1842.806200978863,-890.5474624425268,5243.039906385989,3374.7815695641734,2812.9385287362484,794.8936046751928,-143.0758282464129,-1676.6041790906356,-630.1540628517221,63.230758564676826,PL17_136uniflo-l4-s4-f4-c2-d1.png
244,37325.63084389844,-9333.916895594963,9190.464264206987,3629.0201897538022,10091.428409419283,4642.036801104672,2191.557887525079,-392.03262367758043,-3504.9258833885697,6443.420211965238,2803.091784073787,-5441.643479442533,-3685.456191023891,4247.126860777654,1553.5752702304897,PL17_109puebel-l1-s4-f4-c2-d1.png
245,3548.1535520960288,-3749.309733646897,5841.983189284739,-613.4081143340518,-964.63206834296,743.6354135005356,-582.0895923745518,-198.20529550577393,-1404.963913241576,109.34633886037776,-227.19394299787024,673.9428349217238,1338.7745230702235,94.46829369206831,755.3333879872838,PL22_0069pueboc-l4.png
246,-3640.0319177575516,-10633.596051150242,-925.1421389637449,1893.517559878355,-181.85217906578671,2941.749398321791,1567.9393918603148,2834.699592848458,-343.5595737451983,-7.431056584593284,789.9617570994878,-535.3151130676303,1137.4985224466675,415.1918311450747,17.783319538122836,PL22_0030nigboc-l2.png
247,42097.89094210321,-5107.865681795971,-12244.183262591429,3221.4576208597373,-2567.4407354591676,6838.578388875928,2964.8227030108133,2113.6363441416343,-2764.8318807435976,-1572.414572132245,747.4382538873884,-383.27551327536986,-2349.00649127195,2045.004215257531,-73.06748217516729,PL22_0046uniboc-l9.png
248,-15256.623513128936,1146.8399741495255,3517.294888072426,-1186.481022064752,-6789.1998799854,3463.4083853517677,-2919.458071245362,3159.7364765733205,1412.0041814576002,656.9761449235805,-830.590481378462,-2269.3808576686956,766.9413665656036,707.0373616770723,-398.1011817587073,PL22_0160chltob-l9.png
249,-13112.162468230788,-1961.6584692899014,216.87604501207426,12010.736947224172,-6244.847319131028,808.6655093903698,-158.1968570462147,-2713.90754214896,5573.80896169824,259.8431170134041,1845.3118228115666,1803.4461913376783,-142.92994118031552,3007.93936597216,1692.342683983369,PL17_097indbel-l1-s4-f4-c2-d1.png
250,30763.31759930975,-6052.3197536175885,-8339.07060667446,-791.2307847481094,-202.00594730684347,2369.556492009774,-7485.28692262957,-1732.242935285129,22.24111015231106,60.27120144618415,714.7898495432703,2703.2037365514125,731.8253428644991,505.49766207983134,-117.93888585606257,PL22_0016uniboc-l13.png
251,37677.01683108341,-18543.906671281726,-2488.629956427669,-6536.665898798805,364.39621799379563,-7472.724289710932,-2711.4044729609936,172.69800094324964,3072.975896247862,2704.5673674988666,-1960.8507963076838,-834.3112089049499,-557.0997087272486,-3112.0533423954516,549.1207604818054,PL17_161uniflo-l1-s4-f4-c2-d1.png
252,-13511.789422956415,4848.982959874325,-1891.6160417772091,550.1098718544557,-1679.5222459054194,743.7282292320817,-226.50428422770247,2626.896240210784,503.03517877416823,-210.3448584389763,-1355.3152361187128,100.23863728276457,1371.3936942921391,60.05675590536685,1098.3407680471719,PL22_0318niguvi-l2.png
253,2496.941855117427,-5937.046391125759,-6122.237056131717,11290.656829279767,-9589.58121814063,-8166.303654957294,94.10690261490477,-1343.6474244989445,299.9242145311213,-209.93898552566472,-450.1720286255264,1161.2309629750737,3105.1487001452924,-213.43680673424691,1385.771203384143,PL17_148gemflo-l8-s4-f4-c2-d1.png
254,-6279.852071983964,-882.0513591665754,-542.0411614840814,207.749034342472,5500.862532307184,441.14328739405374,-1088.4129792932831,-1461.5983913987247,-786.370241649644,816.7410082227656,-734.9179309833197,-5.9478564998855585,-809.8410307282413,1077.0294892124675,-472.1780764489317,PL22_0039pueboc-l6.png
255,-25244.392003598805,-1218.5150262515378,-1843.9326040033595,-2883.8410000018807,1944.057392052795,-3229.2775018941206,16.75277110143927,71.15782713828008,-539.070390136307,78.68655741421928,-219.9752279216852,634.3600279802808,-103.13693505106426,-205.01002006729934,485.3377612083063,PL22_0516atlver-l5.png
256,4129.398129823629,-5684.442684932882,4343.519753700087,4058.764625746108,3521.2307964484485,6865.745699313341,-1697.878820278194,-2009.6545655342352,-579.3787402410002,-2142.7593904855744,-524.2643507201885,653.5842952190374,-1670.751901209317,22.048045143891397,2052.327389353068,PL22_0259pueboc-l6.png
257,-25329.174252287416,-1008.7636135776856,-3078.7241231045323,-2646.0802534452687,3211.139815852576,-2439.5716483356227,1.020075872704785,195.63568883368342,-731.8023615207748,643.0290497654944,41.25686643000599,251.12363976129905,-576.1077836936056,523.1585255720219,-90.8106108467829,PL22_0499atlver-l6.png
258,-15449.85563117923,-6083.790977951477,-1733.2773214373178,815.5075361341424,-867.1343788579871,1147.323593591036,1535.2085489821998,3300.4409566441777,-1393.4449949145799,510.879787560543,-30.422540036641717,186.80209174364114,492.822155296631,431.69673890387975,1163.6008447207428,PL22_0187nigboc-l7.png
259,13299.705380667367,16368.542932774413,2318.033549749885,2816.9812200554916,-1645.8465815342304,-3538.6350977944735,202.37570707972043,1772.990475461225,-3044.169394031166,-33.3234171733663,1739.4968208972832,-1007.3800865017599,-2487.770541161719,2126.8277321355513,501.78293477343107,PL22_0213pueboc-l5.png
260,29802.917076078345,11443.42419371653,-10080.602681916023,-992.2774221839277,-163.08063657587368,1222.7851834103476,-2804.862743663103,-1315.5516347840808,798.6802571473314,-1169.907136228484,-2105.828791415504,-131.07640767886005,1587.4262678227612,-1615.4928410801142,1898.4019351035645,PL22_0321uniuvi-l3.png
261,9642.166170799112,10333.727988165623,3465.843288485569,4102.399716498517,3145.9065838138786,3122.486822344045,-3252.3692043514943,1548.4234640734235,788.0592346025948,1070.5764606191005,2559.6119974893304,2615.7829439897146,-1417.6353351610628,-682.8391118173802,837.030393193477,PL22_0011pueboc-l2.png
262,16341.553771830922,-2375.6586151100787,-8457.430048078753,659.0271872852593,504.0075674554479,2797.7875314339713,-2909.5680609726505,-538.3728108130174,-2537.9595787429002,-393.70244399779085,-1209.6838439237604,2022.0067762266576,504.2882391994261,1011.100342506365,-939.4095178375983,PL22_0040uniboc-l5.png
263,-3623.3056200927813,576.412578845552,3537.9510704765034,-3880.207587063173,-5451.427241942366,-1973.280315053398,-549.2996944226862,-2465.176384231823,1064.3143730704348,-2368.81474451531,-839.6826583930272,750.4781207664513,-1067.1584171735924,61.83562356133159,-972.7598747692109,PL22_0510casver-l3.png
264,-2993.716339572022,7422.577145323714,1123.8349831752657,4945.710855244571,3555.702463609289,4288.360561267059,-1382.9091799216271,2006.827700435295,1805.8466000465885,-75.24395400039131,203.60832402671195,214.91322608246173,516.0654699097109,-601.730114692467,454.2145919011338,PL22_0184puetob-l5.png
265,40771.577570334244,-15522.50782889129,-10907.252835291394,-1169.1511153386998,-1264.1635549724888,-2435.929732175431,-6120.205611446791,-1233.6134021655062,153.57755643087447,13.440806683474396,-3.0971608623328,1596.5235130461556,-893.1083673696348,-835.5505480974363,307.1194738691871,PL22_0091uniboc-l6.png
266,-10351.571903964616,-9322.447520688698,-6410.216944088684,11444.138186974134,-6670.081206820876,-1487.210363219815,3643.892685884541,-1992.7757983968374,-1419.6859183606928,-573.8600937954187,2979.1761951905546,-692.8468960443275,1150.941951067257,-583.4782514905556,1065.959960187821,PL17_120maybel-l4-s4-f4-c2-d1.png
267,12740.257060385766,14264.488275289388,-2434.863261596851,1283.84959075202,2407.751631935541,4173.490676672089,1064.777504927259,1155.1153448518844,1113.5015134499308,-99.32132108142162,-1400.4555329151933,131.45853557208844,920.9009336017443,-918.5029759711389,608.3083165174654,PL22_0348pueuvi-l4.png
268,-26757.871961196088,-1299.5756495352189,-3620.7128444488185,129.54726891130855,1954.9003263752916,-3231.502613807952,-501.35883979707495,-600.2629349171024,-703.984214214074,368.2467733474955,-308.8157067148022,286.7249063954761,-28.310737723514638,-156.10501841368907,-99.3741363423471,PL22_0075nigboc-l21.png
269,1449.6029906391757,-7217.522763623555,4242.627592683906,519.7000977764125,2261.3300902127926,-3350.5837697921584,-334.76076875881716,-2182.4769065103287,338.73816956377533,-702.8453353844498,-2702.6318507365554,-434.5273361056959,951.019914107863,96.52027453986197,568.6576314599669,PL22_0425pueuvi-l5.png
270,-9728.306573364387,-3855.0692724812,4837.302858400202,6722.1161623879525,-5327.759024866674,403.20797020784926,-997.181238412998,-655.890106972956,3883.304984501485,-1605.8648454281156,137.7147944214298,2693.3606972794505,-7.038342471372072,700.797459106906,1015.1390469637397,PL17_127indbel-l5-s4-f4-c2-d1.png
271,-24187.34492033991,-763.3020140625056,3032.4324496116624,-3973.5213015977874,-4263.588685940125,1224.7143380310067,-2202.327330263848,1148.175766435627,546.7299164135945,629.1029694412435,-1040.3199313344187,-1618.9220746837595,-894.3989350659067,267.11095293943157,-581.5625823347925,PL22_0398chluvi-l1.png
272,292.80442498656237,8185.6464439443625,4126.281595821819,2330.1219274834457,1665.978439289754,-1809.2121881710198,-145.84935268329863,1774.8296755053877,-995.3115813734548,-874.5971973547598,2233.141383866133,3265.411358074869,-1136.9514692927264,347.77598080845155,1044.4859837712709,PL22_0240pueboc-l6.png
273,-25090.38551360573,-1014.005865014929,-2507.3788416566804,-777.1348938763964,2276.0041809096197,-1969.6785258289785,471.550539952528,119.99792363509187,-1083.0468669699524,29.933437224851588,-230.67073555451168,863.2134075567292,981.8270963288968,-163.69307127334469,558.474973144048,PL22_0264nigboc-l6.png
274,-19857.256005739226,3163.6348116937756,-983.2451199591006,-1226.2136410722803,655.4196241860092,78.07840485099925,-1505.2860058573367,1557.546170436683,924.6880374699119,-134.54455014875109,-629.9705889206045,426.7733746234309,1740.011031860499,-1093.421376897008,1391.6849950893104,PL22_0308niguvi-l6.png
275,-22566.38940350646,-3036.7555166848188,-2056.1294461763177,-900.4370427119838,1201.2120021190217,-2597.8583634356287,1350.3147774515471,284.324279899633,-1027.108349417087,-264.8353089157327,-306.6959044870372,248.69398615333407,234.33010020698973,-397.64807744583146,256.76872489881265,PL22_0286nigboc-l2.png
276,17577.432566271462,-6299.953046605096,-5180.471539880392,-2273.536440151341,-951.7719351783679,-299.51322147123767,-1307.521788734381,65.04224372793617,1189.1448501473283,-1598.460428594028,-1101.4347130165218,-558.8933964137873,-847.439554988827,-1207.5278026085693,251.71040880072576,PL22_0352uniuvi-l2.png
277,-20234.027359042004,-3821.130361590811,-2498.439600623603,-3004.5193515553447,2490.1988178626484,-2362.081369412395,1834.9742087169084,975.3513835837687,-856.9578826561772,-491.78678473662757,591.4524829721139,444.76751213663016,-78.15625859587982,190.26591217819936,618.2079059070119,PL17_116nigbel-l1-s4-f4-c2-d1.png
278,21598.995053108923,16952.90772261832,1646.1036181988477,2543.0074012606647,2650.6927427733417,-1779.6159694645407,2003.8152970875115,210.57210966727712,844.1911655076749,291.216325602627,0.6751788724227616,-3073.5980154609238,842.2692950459873,-2126.2592710105205,-1868.8248124183542,PL22_0325pueuvi-l2.png
279,10074.925155177114,-9515.063229315834,2015.5450917418616,4657.239236316431,4937.12981412815,-1988.134133388825,-107.25302033252562,-2090.400104196023,-1372.5436352556403,311.4953103057092,-1538.1588904200519,-2152.088379412864,2467.210336538546,1625.2263869105595,-541.7722838723824,PL22_0144puetob-l6.png
280,-25510.200505390738,-1156.505741517539,-2791.0532765042785,-419.26943392010736,1520.6685987708556,-2983.0587212947694,-112.26087447092537,458.7795889381334,-1269.068229460192,58.76946511721936,-484.42084473536806,230.7132058815236,-306.24204991411244,-87.16236435799021,593.5569975890738,PL17_113nigbel-l1-s4-f4-c2-d1.png
281,14545.939975497764,13464.094496164063,2724.4561658941516,5838.017658911053,591.2859088818535,-1608.8858005440093,2507.333235109943,3195.2513118899133,532.2139743960487,-1488.902041419377,-1732.8187972952574,-2018.4358544449435,787.2296992100319,1875.104071887208,1110.2649517358934,PL22_0182puetob-l4.png
282,20236.136857222384,-8466.2125943303,3235.9777349658566,3584.0929460968896,6913.065386245337,2866.528215303398,-469.7786462607446,-1744.4143522100699,-2900.1336523079344,36.49469961449172,-1571.508828569673,-1684.592035695386,208.96544348347336,-494.45530942027955,-2358.7542203194325,PL22_0064pueboc-l5.png
283,9931.627542719154,-5608.878958079403,-7431.617325271965,-2248.811154181514,2627.40106306793,5142.73494847815,-472.7910964104223,2672.501566200165,179.03872065987395,3568.6369068333966,2799.0084542067666,-1502.9733882557912,209.0652582850347,-365.0708539770257,903.3820473990426,PL17_125tanbel-l4-s4-f4-c2-d1.png
284,21069.003672112798,-7972.448410012516,-7052.190713393516,-1636.9686167109332,-153.84487111924415,-366.2552925486249,-1187.5189933531046,-31.355440083414916,-1204.095248045566,201.16782759731524,-1461.5300539540003,2107.22502302917,44.84087278892604,-331.60476512261437,-1105.4871910988359,PL22_0195uniboc-l8.png
285,13685.199986304435,-11795.804444018535,3456.736199399181,-17.82702559255391,8186.608533264315,5311.126839774689,4727.227258575975,484.33908663576085,-1987.3800970557209,-1416.6256321746598,-2717.7865254238827,-3006.5390636006427,-854.6078964040523,838.7975319033112,1323.2207483321538,PL17_159pueflo-l3-s4-f4-c2-d1.png
286,18830.818193875275,18765.27276661669,1978.8988654144168,2180.0838218118843,1802.6656616209725,-3564.0412644478843,-2742.1557477630395,-692.859604470675,-1827.82258348963,102.83700477995835,1916.0045576089904,-2761.665534646444,422.6519664663864,-3349.9636005071325,-354.3218229260065,PL22_0333pueuvi-l4.png
287,-21760.468562334343,-2287.84023548727,-2219.0180755632186,-2278.759018545336,3506.4920848933866,-2324.619257923024,438.38619321753725,58.79732256888742,753.9303701292295,309.0663320749255,270.49064417118194,-127.70175731789283,-1031.9581654938963,-475.344060217694,-70.23391128154017,PL22_0496atlver-l2.png
288,28709.40748646232,-11455.372510195093,-7885.948752316931,2448.3399414254864,-2600.903043131546,-1262.7232063584356,-4685.446657515556,-279.30742801292655,-738.163197721003,-282.6711064261639,115.25432929078288,2150.1592340025923,1056.3161243942677,1001.1691555126105,-46.955737760696444,PL22_0198uniboc-l4.png
289,-25127.52817946894,1595.6245733847268,-2991.4227036361094,-2565.24223267468,2864.0096702733244,-2868.3992831232367,779.7997568811714,98.47979490197683,217.48822535460127,912.9175431207019,-784.9666197800973,1065.9950801528935,532.6589343465151,-195.31265125362648,-237.9208680957894,PL22_0521atlver-l7.png
290,3172.4503255276295,-2630.7126836920374,4965.158588926577,-5223.488159693287,-2996.840876693827,398.286047677601,-635.9491194820323,-2270.411944300768,-3264.2049829472994,-9.151975008045293,387.1357953354523,2776.890855435073,3057.6797977721476,-39.80405423774588,234.02112413087266,PL22_0362abeuvi-l6.png
291,60001.43287122752,-22035.190857848895,-4022.4490572891305,-4069.4048879394572,-7669.444322262414,-7872.582444486916,-1600.5911206497483,1681.999448210008,2839.644174901111,1638.9337938283381,-3526.187873026834,4180.98874642611,3156.16735138298,-2391.694054018583,-1559.812639180457,PL22_0327uniuvi-l4.png
292,8117.798141284396,1429.1531608514229,16872.27939312531,2907.577735694291,-10008.597527838481,1961.1990496140359,-8446.328863303645,2712.886974148469,-1583.7870392563223,-480.7842972658061,-3143.0887019756838,421.5754332245113,-132.12216386878936,-1225.2137676278826,2650.54673448153,PL17_65puepor-l1-s3-f3-c2-d1.png
293,15110.98580389534,14321.218571428219,2599.6703781763376,3453.1134362378884,4261.505265697586,1862.7334048473147,210.86041574366794,556.2363227413423,-136.41959691594099,1775.925356812939,473.9515915161603,2002.089698005093,-119.65560663731183,-557.1837561126637,847.2407014114176,PL22_0275pueboc-l5.png
294,13835.25603798209,19935.499998634466,941.9149782647743,2997.3022769240206,-246.18105273546723,-1873.2123966087686,527.4487036626571,2906.558151661689,-2566.0150727227506,347.4907711767882,929.1400942375592,-322.02117386785676,-3503.0114197593416,535.8777617231817,-972.5060015155867,PL22_0200pueboc-l3.png
295,13862.539879110444,-5074.088104174317,8890.15585670146,3871.404306057551,5831.981514817932,-346.3379008390476,-2161.2005618719786,131.46481694675938,-664.4840888879647,959.5561121234198,952.8358829447827,-977.4908121155175,-265.49708597584976,-1593.3155055578397,914.1173075274756,PL17_157pueflo-l3-s4-f4-c2-d1.png
296,-20429.189099810028,-1464.3381170105868,-4494.092307797544,910.1638671432488,1895.0787033719632,-998.5953944949401,227.7062550397167,703.752425465719,-247.9120627865506,487.7354122429629,396.1946698457478,-126.09814885012834,552.211740987812,509.1060081960268,310.0945309837652,PL22_0043nigboc-l3.png
297,-27115.208761661423,-485.8735844004876,-2217.0979390237626,-3283.022733473459,2666.2277883884535,-3367.294346796432,-567.3934168391509,-485.4417306533295,-523.8798129501909,104.37650866567114,-642.5250514566584,352.93897261380624,-410.00804038042315,-42.1705554943628,-336.3641422524277,PL22_0513atlver-l5.png
298,33394.16077409833,-5722.541215792033,6348.045327568458,2913.5832574156707,5355.361471491898,-797.0560346669702,1410.4456401791801,-3001.2371562174794,-1143.9146100393684,3654.288368180375,-3323.3806577801047,-4390.609106031789,3300.790900603227,2252.005697548719,3571.821407844814,PL17_107puebel-l1-s4-f4-c2-d1.png
299,-23238.298082300083,492.7405990343566,-1579.6889238588635,-1783.1925309760964,693.2959522958561,-1914.0903164710242,-843.5747974426499,1536.8058727547896,-56.814041164936654,125.94026522418893,-935.8807576204872,-20.47881872884387,788.6989815515788,321.33281970829296,304.90985657338837,PL22_0383niguvi-l11.png
300,-8714.403531802613,-6180.729380300129,-7671.735555672506,12234.64699373446,-5584.713136840051,-2785.99745618507,921.857595854146,-3645.5601547402316,-1433.5908967360929,1701.777723851537,1039.0539409928645,587.1349678385121,750.4333540938246,-1461.8788332018667,95.64905443679731,PL17_153gemflo-l3-s4-f4-c2-d1.png
301,14552.103676164837,-3798.174178795895,-3425.856883874359,-402.97332272915986,-2072.775920342814,-310.0366517496665,-1194.2335160997209,-491.8486782422771,-957.9082942422697,-3631.7167559657614,-2596.523120163532,745.3095375170361,1035.5831053415477,-1351.4934173906513,773.930205790271,PL22_0302uniuvi-l3.png
302,-17455.165706492066,-3463.8716824548546,-2847.7550971510896,-2875.2613196526345,1936.639755791277,-2101.2769284571496,1072.3982854763372,1273.983574668189,-329.61753172244454,578.0737219876793,901.5614401837192,-141.3614074108708,-544.0580494229417,632.8040258825042,814.917888067602,PL17_115nigbel-l3-s4-f4-c2-d1.png
303,-22806.329456760897,1894.5945765420836,-2649.983483805948,-876.0941011055642,1067.903941189728,-1971.6838294972065,68.89229824734944,1307.1398941299485,736.4859599734262,-172.7485344489678,-869.7244262115814,-20.052236989467666,964.4971232461079,589.3213240596799,-37.47052250050781,PL22_0249nigboc-l5.png
304,-24153.035704951726,-1196.069370451472,1703.8373437206103,-3185.738253036932,-2680.516203511216,862.9321413137826,-1932.7699372782665,1060.6768664317647,269.35006768615426,417.5004151470151,-822.5260789663562,-1338.0514545179335,-604.9640481194944,309.10580605485137,-616.0143244958817,PL22_0393chluvi-l5.png
305,-18437.806574820013,2013.1967922259787,-2283.084021543049,1534.8591671209608,-430.12607012645253,-2891.9597296153966,-461.67250856997896,2141.059645565795,349.3526873472004,699.0652912859789,-395.43570638336814,114.58105385061985,1561.235740929656,683.4682335782605,-136.72641187704897,PL22_0207nigboc-l6.png
306,14131.412861060058,9034.83700989985,5859.144249090506,-11923.46831859366,-5163.972846229407,-1636.031745145215,-2368.179930776263,-4973.028579518048,-1520.4880135283192,834.1931208010518,2934.4854553035134,-9.076901741719423,1875.3947050723036,1554.5038269257068,405.9888410191822,PL22_0176gumtob-l1.png
307,-22277.529506718143,1158.7156568171756,-2567.3582641964517,-203.90184019949209,1088.7170699299509,-2289.1600616522296,-799.7746569880832,1340.8852672758846,832.1370552601072,127.69536294694849,-415.9104421056533,-241.45026410548957,719.1595084225038,440.74695761762587,-30.361571418668756,PL22_0190nigboc-l2.png
308,3143.30384338755,-7020.23721243593,2246.42260342844,-12904.708584061007,274.96561733801855,1246.1714724519977,2543.5741573718824,-1250.7792331677977,497.5489309294248,-1692.5620249254553,5061.222283586194,-643.9248399144207,1219.8132203843663,1784.343664344435,-451.92108817944126,PL22_0173gumtob-l3.png
309,29185.0469042893,15968.243838334723,-9226.578381660018,-264.11152783301907,1052.9309528365823,-61.29733664260204,531.2650803431221,239.1623365980507,-1597.313287233717,-241.32180213373812,-2326.6815140782583,1114.8966758315862,1625.4558208211797,1408.563405359554,-100.0489381937616,PL22_0197uniboc-l7.png
310,30139.937792569697,-4405.288307534611,-9877.711178880601,3618.564085134896,338.15425811976206,1994.4621133104408,-1898.0296858566137,-160.33410160484604,-2256.547693660731,1011.590657918805,-1261.8597570726508,1005.524537559367,1895.6229586137554,1275.3962607488697,-1778.3989776596761,PL22_0254uniboc-l3.png
311,-26074.761990261613,-811.3231246222563,-2122.4256919274967,-2410.36024893741,2040.9629480060375,-3399.8501071731534,-288.96109844730404,-126.4486098492545,-947.7235644282255,-108.1663917390758,-269.57723378144436,394.5942313299829,-164.4314850407104,53.69610727811097,193.8349089628283,PL22_0483atlver-l6.png
312,-6328.610376505103,-1600.4687984097359,2202.9812582489944,-95.89568141720513,-1364.6927193796375,654.1223403850594,174.79354340148717,-45.36284702258348,-1271.9533612397568,-1992.1605690004862,-1415.0231442468437,676.6682783478884,-144.19997724061585,-1133.8615307963923,-311.71371042623485,PL22_0102pueboc-l3.png
313,8352.91355140575,4272.44130779128,603.740471700515,1083.0578096497316,6806.195088600076,3082.771869294863,130.481562838009,-1843.1910524688244,-2427.0287445658214,348.49162244310907,172.67379176383602,19.86841631853036,954.3254812736992,-1635.2873325553971,-1567.1746359140182,PL22_0077pueboc-l4.png
314,6542.190578341529,12654.568965555367,2409.495385141346,1626.0288969286496,1313.5865815552147,4306.497402152987,-1274.8603440559566,27.011768216501952,842.0561417842413,-1603.80961476079,1872.5875000630738,1485.3774845305534,-1187.3042109713579,-2065.553360841845,1090.9975192209263,PL22_0230pueboc-l1.png
315,-23948.8961280436,-3355.215540334433,-2322.8866855052743,-1995.9349651047883,1413.7684384801278,-1672.4805740883496,919.1841829004208,668.9704308598174,-968.7431181216946,-717.9309190310934,67.84962787081558,3.310535845116379,-360.23185803541037,-465.65270682881544,1040.3029657892998,PL22_0283nigboc-l5.png
316,-15289.651784710559,-4744.904642169569,-2372.1589576247006,-1090.663252466493,471.7865768545465,-708.0187580588513,16.14514026526066,1563.3960988914387,-448.81310720200224,636.5620532864797,578.944450463313,-392.4603732471783,80.65332927740451,498.7912567548063,345.4754713559326,PL22_0033nigboc-l1.png
317,10021.72323959531,12232.15429340611,3023.285726930707,-1321.6285529449378,1013.0630370745096,-809.1191890547012,-362.018025189767,-2596.568706450263,-1523.7113766778741,-1053.9892836839133,-344.79295439987084,-224.66815548202706,-244.80832216648275,-683.7098800494103,901.0988676261835,PL22_0246pueboc-l6.png
318,3626.547195261932,-7815.082131403262,1041.6421573730904,-12568.265536955507,2709.665086672077,2630.277868089068,1764.8814581277345,46.56117666753789,1280.250404810558,83.42336778063226,4324.796279514256,-1650.599464259725,1164.6635243057215,1617.4794128246942,264.53824664851913,PL22_0153gumtob-l14.png
319,-9945.12038542744,-4967.6871821694285,4316.036585946262,4400.2215024752595,949.1541164540903,2463.3735785857725,-726.786843271663,-1803.1191503048874,3999.8546735952073,-3084.399607659834,-1039.5109878363942,-430.05051618244886,-495.62876623876923,8.123159087854917,154.90208006856523,PL22_0349induvi-l1.png
320,-9514.816397233253,-2404.061061196462,6928.522072321703,-101.94853933655287,-4094.1133675882015,2307.0438343067435,664.7558656702972,1310.3803736715383,-3022.0464801132275,-2334.824774747979,-1092.858909822519,2872.962190725527,293.02867551241155,378.2984591335236,-267.4642067765338,PL22_0239pueboc-l5.png
321,-7231.734071453721,962.8925094274202,2645.8535791099475,5329.241176749901,643.4332669858164,1582.6702411269132,-708.3872837356269,723.2369422861595,6591.179605716908,-1079.811816957918,732.7405226305476,2358.587740886433,-552.8282682287535,498.6005308454705,1259.2736373007183,PL17_100indbel-l3-s4-f4-c2-d1.png
322,-3249.6385931105906,9867.377678972343,2309.65266603452,3713.5535585969033,1379.0748125004336,-918.5460722840661,-1968.2966044689283,2646.2060101875904,-318.08531443464744,-64.73323045066438,424.0410678241617,-496.1563818525936,1484.9066612463096,111.92219667532234,-237.01696149248943,PL22_0140puetob-l4.png
323,-21220.88026224519,3444.3584667256096,-1237.2730931044707,-2452.717576421387,1300.235701195831,-1402.8138760923773,172.29896490993602,852.600364452255,818.3751699920257,1010.3230612628896,-548.5922458380824,1106.3999684835273,233.53375678488368,-654.197639529859,789.2205549913134,PL22_0506atlver-l2.png
324,24821.030484195457,-4021.7357793448523,-2896.596077185484,-1938.4289349481862,-3752.014383073804,51.76639313356801,-1.6607968552220242,576.062929737116,-1057.2813370299043,-2122.5006483066336,-2343.926259375591,1560.323726135912,-779.4453301421999,-761.5167589394968,292.31721064241765,PL22_0420uniuvi-l4.png
325,2226.4796462772697,3065.9252655655214,3962.4673805571474,1418.2404089602676,1121.4470943135232,1398.988592025301,1288.786474619513,-255.51353356323685,-2679.014455256566,907.7763706496829,-856.732580047996,786.33081653075,-955.1591008897082,791.0761830779992,-890.7517477041191,PL22_0112pueboc-l2.png
326,19748.68963024458,-8898.293667014652,2049.06210216604,1982.9648572893625,4783.050027811304,2042.4123395610009,546.995584281386,514.8773708742161,-982.7148470407839,417.07498429437874,1426.879464605642,-1982.1567478019497,-1384.0291307547309,604.0645648992679,1127.1195320403224,PL22_0092pueboc-l6.png
327,9386.007342831424,-3203.522263709009,6590.961697432092,-1803.300683367746,1629.0741837072596,-706.6117039508127,1621.6386377572032,-149.53403977137717,-2097.8722499708724,-797.9902480265674,1544.5980778567973,2425.979697147159,1244.1754268959485,-429.9642271187399,222.51842215946806,PL22_0103pueboc-l10.png
328,7720.953341010409,12417.244301679459,1329.596331534137,6211.528241586213,1262.7985601333878,1217.791899044197,3434.1861200993444,3605.7047941397104,2598.627970415781,-1217.1871937306403,359.45573147578955,-222.3007422612157,3703.379534861293,467.8176961761339,-1249.535552440937,PL22_0129puetob-l3.png
329,9279.994687786242,11994.71227100651,1160.2616414623326,2384.7721492084243,3787.497712881322,1667.5359059944083,-3694.356199084878,-1273.0801191093478,1218.092641480221,540.2251895435738,-489.8391604466749,-882.9156465942798,-1337.5220999264297,435.0490640823904,2116.7960810614913,PL22_0426pueuvi-l2.png
330,-12268.283540126886,-1088.5192069354375,-1393.5148172619217,-2036.196034902493,3209.5572374060357,272.7828424776499,24.906000936222327,-1969.4974049406378,-1744.6329872778133,-414.94781002192514,623.0436151835557,-983.5484439085081,-1264.625095383826,-423.14627914012,-775.2824273825356,PL22_0035pueboc-l1.png
331,2531.0476299068264,-2568.510562559926,7273.821373911386,1244.0343688034495,1016.0707966782699,1952.149628288569,-392.35945999194325,-433.48398906228647,-1932.499429884095,-17.508169076357294,-1874.1693344070688,659.6814993719281,-533.6161492405585,1960.853983204969,871.3695444181923,PL22_0038pueboc-l7.png
332,-18061.634284774416,-3055.429152963306,-3909.7620898971077,593.0659005630719,2314.505511232913,757.5080057043466,333.9144944340832,1406.724026913596,-232.01603582686016,480.6960851129028,611.1655842709209,-452.75633924383396,452.15062295256763,278.35361266812436,209.61827743754316,PL22_0071nigboc-l2.png
333,-807.410344946621,10659.83886044071,3290.440631615555,2013.720715883513,-715.6961710985144,-3237.7624593222995,1811.9270613190981,2502.3076414359416,-2280.219820083921,-2656.1964985392697,-337.0053975132355,382.1421277570659,-1960.5888791127586,1036.1809369126897,-896.2477036076367,PL22_0237pueboc-l7.png
334,-7602.513654760542,-4329.000728128205,-1796.5298587774726,1593.872647034596,-1259.1211013396317,1314.7974693605884,20.817061732172345,2698.448233392405,702.6194825334526,-67.06116899677491,821.9869658386981,341.28053216270126,1220.8842553539982,-1299.3202159428681,984.5723051372581,PL22_0074nigboc-l5.png
335,-24682.3309224042,-1446.9869539834533,-1807.1184752528945,-2909.94206019804,2534.2983560300227,-2397.991402453982,115.96510863185287,-67.60485534530292,-395.370081341526,-249.39496533039264,206.43035769438526,277.7397390769007,-133.2746213893332,-28.666222651315035,-76.2896024980725,PL22_0467atlver-l4.png
336,-25682.428125493425,-2356.8234945073846,-3435.929378103954,59.64494619824775,1933.8970637960463,-2699.04544444611,335.0123836596762,-194.72026972725413,-1141.782011611508,143.64284103055846,-11.666599891564813,68.32514031067889,-259.9278096209193,222.19818990802608,149.7231419120412,PL22_0268nigboc-l5.png
337,-22651.553264235343,-1907.6041388570845,-3326.5135396740966,541.6672869566124,1525.788076452202,-2235.9360702470585,493.93168416875955,1277.047904892025,-1012.7485567021954,140.7930756221501,-351.4615435578741,207.75160650847118,-13.240938297288583,148.6447179186766,640.8999667747555,PL17_112nigbel-l1-s4-f4-c2-d1.png
338,-22712.437022950136,-3073.455424224234,-1750.994409996682,-1989.021171924418,1772.4743631347571,-2402.0676539440838,434.8501231803382,307.63291727286025,-540.4170118844758,-527.7708362583203,-272.2437499437204,511.7800632905609,126.99018661259083,-299.6115372992269,227.74461409986677,PL22_0218nigboc-l8.png
339,-17886.17506134748,-3411.218990223281,3633.618190796773,546.0309776998189,-1459.7618672426315,2808.3307520825465,-3247.350237476074,-422.51378823548606,1819.5118621764045,595.1649277831543,-663.1011080162995,-1862.4520865753568,-1250.8055554459575,828.6074731688634,-981.1633596949567,PL22_0408induvi-l3.png
340,14983.60303586487,-4339.577351321036,-5664.219351397602,-2488.884023706784,-1175.7305149282984,2078.9933950957757,527.6534153918357,1337.5586891566077,-1710.944057070266,-1984.84626242788,-962.8174597513396,131.0972209791303,-1447.6902465245478,1473.0840906582423,-314.2832185122264,PL22_0424uniuvi-l3.png
341,7534.507072696813,-5793.425782647408,9488.436906766368,1990.1928134062005,3412.520858697982,-1207.7891929159912,-1775.6443413026423,-1554.8061088308662,-744.6535910146697,2644.569394976077,-1172.4507391747,247.11414084131633,-1339.5485724682408,863.8277246886585,392.29386580207864,PL22_0012pueboc-l2.png
342,23858.205702282736,6076.302925800019,3528.139748828962,956.9726538841825,3497.171610814404,-947.8278844412762,2933.538851262226,-1289.6395919174054,-1918.4918834143266,229.6624037611629,-2859.6948129139073,-1332.9823990498173,699.7876317776752,130.11274243708485,-60.07665119580613,PL17_139pueflo-l1-s4-f4-c2-d1.png
343,-9711.231183988302,3108.3583295227854,4242.7518671437265,-6956.12103802942,-4972.44822821133,-1136.7204567495266,-3449.2942336781275,-2461.9440171331,-1101.3838756022772,1438.3227678826363,730.6361055050759,837.8475823158401,-308.3007415159801,313.1330718242992,201.73558195203324,PL22_0387abeuvi-l2.png
344,6993.387517418707,-3289.8861762374668,9515.482554655964,500.108734906808,-467.7942397696442,2448.9164741333307,-3216.3870924750063,-1347.3467541737236,-941.5556253157819,294.31356822921236,-449.36189359163706,370.508419099623,758.2301033960122,-774.3800955844538,-233.69509265268232,PL22_0068pueboc-l1.png
345,24283.74264057817,-8407.342026782633,19352.099685778172,-1471.8378315282728,-11885.412112266575,2946.162340201545,6359.658654749145,2573.2636316048306,-3299.732892101146,-4685.802835076742,-2060.5973548910733,2854.214970463205,1556.4105363182905,-1652.5381399147127,1518.0192644599085,PL22_0080pueboc-l2.png
346,9382.61308513115,15223.125949596635,2218.370455115364,-26.059931671342305,-3957.7269701819137,-5587.3359664782265,-172.56831988731568,-859.3174271719807,-4593.770061943144,-1570.8307436650366,-1315.1084115074816,-237.2396169719703,-2501.4122779540967,113.41692344408527,1158.5276880809574,PL22_0203pueboc-l2.png
347,-16369.437278054515,-9770.680074682894,-6576.1877783548125,17910.76889016554,-10927.625733047422,-103.56674298325427,3006.228262092582,-4141.445038169136,-670.3414900472206,1719.5802976301577,2496.6266905874168,-1838.193285497308,483.9525291264676,-225.71991714444604,-903.8355955151683,PL17_089maybel-l3-s4-f4-c2-d1.png
348,21923.172231082695,19624.15554271932,2561.6774345868703,2272.2170737346623,2289.2866071289204,-775.1403385931645,991.9469588395394,133.90329022713453,-347.35443670848207,453.5960198385986,105.26561172431188,997.2891758539499,-3580.6986811521288,-480.2559803757488,3161.4980939013335,PL22_0338pueuvi-l3.png
349,15290.68197673484,11254.93928468493,3418.0230516493884,5263.16899833832,6096.874072068019,-1876.3649729886467,-4448.618850033513,-975.8223395784729,886.3916649352417,731.6499990178581,380.4497158041017,68.72889463676006,585.8086843365224,-717.1350647912587,1487.966482797538,PL22_0322pueuvi-l4.png
350,-23544.632599260953,1924.5957605571227,-2980.8557820366686,-1217.6435842117985,2396.3670549781814,-1745.673690169373,-255.98694457036018,433.91295865199453,715.7879330633523,-214.0906271649126,-515.1258936008328,162.7143386658862,883.6918123598224,454.7485909480561,-153.527154949443,PL22_0217nigboc-l6.png
351,3401.9334210230936,-6625.8327857015165,8573.79802492342,3392.720533256324,2092.7655050553294,-2268.910113307615,-1745.9185351133021,-1467.6324329986296,970.7717647137314,877.5734873820423,-2375.749013298587,1393.0589888819707,-96.94108501349235,-689.1001572036869,-992.6464453231092,PL22_0118puetob-l4.png
352,24187.878074220986,9191.224513360834,13704.12468845124,6607.432224383636,-2661.540612816949,-10244.020000439734,-5610.440035408862,5464.812899926202,-8553.435432151213,1624.7120410992916,8397.91274021423,-233.402170726237,-3284.8620171587504,6241.120674382586,-19.116127773424232,PL17_105puebel-l1-s4-f4-c2-d1.png
353,-1977.0342000232795,3748.4383109896453,827.2719586994592,-1421.4481937638902,-579.7933716320194,232.66641235478787,851.9349307344603,-1903.4404476167165,-1895.1276418996256,-2460.9364657769706,-1138.8251450212724,216.88270140037577,933.0056540061548,-1789.339695369454,1156.948526192754,PL22_0083pueboc-l1.png
354,8661.011733654657,14376.363089271523,1028.2988492634993,5803.357278746178,-311.51642539462375,-1667.3782292763667,-1180.959119031023,3481.768163734844,-226.31679997265692,-1292.0732023527698,-1427.2090846923506,111.8919355209691,1178.1773653416126,420.4398285651165,1525.3852614514958,PL22_0132puetob-l4.png
355,-18233.13387456762,-9337.346731644122,-10885.036047765028,31509.950239512957,-16927.482157877934,2355.8785937482717,3060.449435238564,-5470.882380609261,-3978.4597070821155,5902.06174544984,3600.3923869940445,-1521.8624453501313,-1335.8207751951913,-1688.6741320600968,119.78658887689208,PL17_101maybel-l6-s4-f4-c2-d1.png
356,-5909.9736721225545,930.7064218445532,1569.25720385374,422.6286962083385,-347.2818488440725,7489.651222406624,578.9600933261024,-463.00102055013855,-1043.8501623241475,-2326.5337636557515,364.60618258044747,-487.6466076274191,572.9062429107175,-207.99965896750336,1854.1330898174103,PL22_0087pueboc-l4.png
357,-6458.729754737429,11268.487490619746,-1094.7683898288078,-4466.571425512239,-443.05906743865387,563.1680167185268,1151.1174580621964,-2348.607557707681,-980.8795258270221,2880.3157382245427,-492.52513704162686,1665.0578449052969,-1762.9927621335737,-2029.1261668204254,1753.6140754149321,PL22_0363abeuvi-l4.png
358,-21216.623405059276,-2628.2798812119518,-2659.9530899027714,-2906.565734501377,2307.4196975093605,-2058.9133573848676,1497.3908401100073,878.1148186818929,-292.22698923053895,510.49223791022746,387.74448196747556,510.59009398029065,-130.1573101527673,70.75409222618094,672.9949139060489,PL17_118nigbel-l1-s4-f4-c2-d1.png
359,-10990.51366437073,-2056.741497278041,3218.3593143444364,-1214.0510160226202,-1064.2897671199032,984.2417662838096,37.40485362991128,-215.3613701342111,-1305.4553685082071,-1146.875327468927,-458.3656759990404,1194.6853749354939,-518.8420123602497,541.308860327211,145.60180482930687,PL22_0107pueboc-l5.png
360,20715.467323384786,-3398.658114614832,2795.2587529149537,2806.169450251908,2928.5955324838465,1379.5379214044674,586.0085054394129,739.0724355036231,-1507.6568872404673,-714.4033273593623,1719.1972885609257,-1241.3845045351136,-71.41450073145444,-3048.500698257778,-718.6883475169252,PL17_133puebel-l3-s4-f4-c2-d1.png
361,-17607.20748724614,-4633.1424669108765,-3868.184567487041,1054.4592426560891,902.8383910228075,-590.0909576008594,-313.3753330932234,1074.711605812785,-730.6093620089903,514.9776131669022,832.5494640432132,-1026.627455454362,-374.6038428380801,345.8048265863874,-82.77651279242527,PL22_0042nigboc-l9.png
362,8015.0744649510025,8476.06769642072,5135.218280441878,1991.8321705367914,2845.7926942584145,886.9557020032637,361.57639560663694,1819.9926282863573,254.53765900747996,-24.53684215454483,3251.684410186007,1762.7486360926587,-1551.8067841106883,-267.582869864816,80.07474280596978,PL22_0274pueboc-l3.png
363,39996.705325013456,-8664.383883044806,3804.8268973561508,4922.190611565078,-5310.262223619589,10074.56092848765,-261.9864063657328,4681.59374928691,361.5392436634038,1164.3363340674027,2741.7187465226693,-1513.8083770998987,1110.987582819456,32.90939286931567,5536.804654695617,PL22_0003pueboc-l15.png
364,-19018.012822818808,1474.8920947761837,3397.3811549856377,-1908.6005349349093,-5599.572139134076,3626.778614544946,-3210.9198518875005,2793.001032368379,1463.9667263306649,638.4254335634654,-1886.4074641773361,-1781.1815218551926,23.733443823504736,-533.8336112593576,86.21167912328667,PL22_0174chltob-l9.png
365,-19978.992549017625,-4270.3226794775455,-4073.182395465024,1199.7860831405653,1888.5238186610827,-29.17851443087854,918.025143629637,1615.0994131014056,-1145.0006954523346,199.83130828224503,628.5505879012147,-1108.7671990477772,-348.8393752931214,512.2715697175529,-4.7232248172072016,PL22_0048nigboc-l6.png
366,11702.683039920135,12617.129066870648,834.7000262861834,2752.7466247940524,3132.9624962946095,584.446091991928,-1461.735117245445,-86.9745371642933,-309.08053313315753,25.240688202721586,874.5538504599283,282.8692781518177,586.0370311376159,116.43325853710473,198.7888097593805,PL22_0277pueboc-l4.png
367,5716.716156419957,-8097.501960454376,3521.3404486661925,-1290.6724331293497,4167.515466552637,-1153.2334177081163,345.15406868190473,-1794.6456939304912,399.9311944173628,-1617.0336349638367,-630.4237511872393,-1323.9212934847196,756.587178850558,-1971.3010524678916,-276.007966442541,PL22_0344pueuvi-l1.png
368,-25128.98399483874,-1730.0741123773287,-2213.8505416990106,-2764.6942212029935,1962.5693471560548,-3477.1641815212065,-70.60558505128927,-312.7828899739169,-388.0380909250522,41.119587705049966,-338.58730887193036,422.1451629627314,-182.70721180425858,-364.6933162157978,153.30661273146293,PL22_0489atlver-l5.png
369,-6114.2981015064015,542.4798515521596,6361.710664294536,-4253.489233106555,-5908.260468809812,1862.7719194054732,-2678.9398354518657,-964.4399414971325,-2194.5783470669994,1503.6270289139072,1241.993723529922,8.609449306204006,777.2437162032777,-665.7532472081705,345.2516714146264,PL22_0192abeboc-l3.png
370,-24346.568157499736,-1905.2101523749916,-4891.028885597352,581.9624073702084,3749.1418549744376,-286.37611432749907,655.4863376164418,157.6325504841742,-961.3095858400226,837.6693755955347,386.75084795546223,-416.03402308913707,73.31338146698707,675.6176289502214,-726.7713621216088,PL22_0067nigboc-l1.png
371,-1753.5157731463214,-5906.120840163332,2253.984184130563,6734.98250079533,6347.34834667013,4929.420792196016,-2434.8008467227755,-3185.291778319533,5682.753720265055,-319.1757662652763,1085.6896666603259,-206.10494083737407,-1951.5613016251905,3928.0162725478153,2179.1585413336356,PL22_0373induvi-l1.png
372,-11603.442806080986,-3915.670127451035,-1608.1544165593884,2660.1947897493055,-886.9962960977176,616.4488724439769,677.3023853188364,2163.1337141766157,-877.3523403801555,81.17085615335778,-363.05633697477293,352.47442531865784,1729.4852985523223,-286.2496106629449,641.0964342709622,PL22_0049nigboc-l5.png
373,-8649.746163156418,-7051.161283581713,4414.4946074791005,11116.125912629099,-6740.847654909866,1803.1427281855827,-2266.564574081223,-2228.628106526277,5810.698412812286,-889.7577830476953,-165.76021359427727,2107.362739039061,692.6204388310327,1917.8260340710951,1549.1079236476678,PL17_128indbel-l1-s4-f4-c2-d1.png
374,21917.450543110506,13649.665378658086,-555.4495888024568,2798.7049047581904,6424.776330381063,6975.431485325512,-2730.249742796975,-2121.9734091325363,426.345879831318,-534.2401487106414,2289.292920041872,-196.77577800188473,-1729.5661996901963,-3750.3038020334084,312.00574272773764,PL22_0010pueboc-l11.png
375,-15657.125795973356,2258.990370807277,898.2710667468591,-5375.822527181282,-1220.651994610376,-859.4025928482605,-1144.7280096452707,-1796.3693066955336,-1131.0419874031682,1341.555294096911,-634.097095657589,298.29198450488695,-489.6431050971969,-428.30433608907794,56.93718560588154,PL22_0377abeuvi-l1.png
376,-18048.461894792435,871.7085394184581,-662.3103535010312,-1895.6976541316844,3360.627470240887,-1931.0587052771368,-695.0096766084266,-1092.8700767522323,-673.3765797490157,114.06569923137937,308.48180088346817,1132.3967333246653,-273.7985434756931,-24.506617165588835,-847.7186684194343,PL22_0037pueboc-l7.png
377,8011.16327974162,16918.006162880793,-454.89168516157264,-2507.5102589242338,-2511.803484479082,-2191.763246826363,1497.9917713869163,-3016.797261911765,2614.425566241689,-2193.1588277205597,1453.0893681367827,21.819818123140646,-2163.9975078773896,81.88065393888255,465.0976906217833,PL22_0469casver-l3.png
378,-17208.958641165664,-3070.9728632759247,2817.5711303557955,5874.257850533223,735.3434099938495,-935.4654566680977,-2047.1295468603862,-1733.2287815911923,3835.1552432641206,-596.6879168006407,-883.6263440664954,931.426916308128,-738.0049888868786,42.79363018897921,-851.1663666553499,PL22_0331induvi-l4.png
379,30740.734799933274,-14815.457765257095,-9742.711945837427,105.31618290762873,-2803.345482329666,-201.62595480848225,-1185.1094842071736,3106.117461932507,725.7259079718297,2806.2482293767603,364.8664760037455,3940.6145172954493,-2542.611389989862,2158.9885012065524,-1346.6393354117267,PL22_0109uniboc-l7.png
380,-22960.635304282212,-2692.9799040301623,-771.1616937252462,147.11971932242017,930.5715359458537,-642.532666918972,654.0089222289275,-619.0918192332937,-1749.5403768612075,-1058.073518817474,-802.0131195348944,378.51943166508886,25.021174844680388,-332.7486972523415,-648.0677858903872,PL22_0204pueboc-l7.png
381,24752.872818419433,15271.12205187803,-6699.280327218439,2046.8714404121959,-2576.5671495065726,-296.58707295116744,-2219.1363244732343,707.4498679279156,-879.2041814949225,-1895.089146906572,-2414.558748209105,50.46936737973534,1755.23065153312,482.1686138534614,1124.7315184472347,PL22_0319uniuvi-l2.png
382,-3792.4889132950816,-1603.0849356591157,5466.516259909614,459.8705007241022,-137.63559769159144,-808.2931142361595,-684.2356026634199,1654.273954154922,-2085.087120035111,-827.5921003882019,1722.0187961636684,2153.697458506348,-507.3975542267094,-1597.738813716812,-1694.9146699674588,PL22_0232pueboc-l7.png
383,-24462.631270579976,-969.5123462452426,1298.907990766268,-3242.4567740652474,-2143.563342380492,-422.2389982832624,-1718.8026136061287,489.7087989513633,316.52877373216063,779.843580668573,-847.6199223083037,-802.7054483478404,-592.0244770756963,-222.52529325617817,-21.420814950585903,PL22_0410chluvi-l4.png
384,24383.06025693133,-7484.544699771999,5054.648665113661,-3369.3763168377327,746.8705712158323,3467.3341824521003,1178.5559893948105,-1735.9121256514106,-1772.0640713802675,-3691.2933484130067,1221.4473802953962,-198.86453044476826,1048.72924933582,-839.5572719521916,2184.451558012639,PL22_0008pueboc-l11.png
385,10460.424812546931,14349.337283770386,3234.3288951806403,6994.54166797839,1748.8018075868774,-3355.1033715032495,531.2476078960913,3532.7543100197076,281.2895522972028,-1617.4047815456759,1019.272622361118,506.31029288672676,970.4242620906049,161.28779051121558,-1621.1338019261839,PL22_0143puetob-l5.png
386,-18729.377854651957,-3496.6809386597383,3493.6030465226413,-3460.6166121992655,-5795.339675469884,3043.737019978366,-2853.840982927444,2558.7308391596457,708.9750259471073,1076.9461378726267,-254.2193411942285,-2622.6463374598666,-1130.6047173625284,832.2572906423961,-1328.602865347745,PL22_0167chltob-l1.png
387,22660.545388629864,-4018.520113048288,-6414.94662528228,-4820.39353104584,3754.3889618498856,3088.2739418125934,1232.2706419064355,1101.072465389611,-2138.7633654260476,-1604.5364768194565,-568.8961945477465,-2333.844644720294,-459.6278114532068,-1356.9715009044369,428.8752211494794,PL17_154uniflo-l2-s4-f4-c2-d1.png
388,-15152.977240041066,946.7897065895789,6136.189467269995,-2272.75437794334,-8430.643336849558,4107.761869754093,-4037.6322288500087,4221.5668508719555,1290.7066509171193,809.8826013921323,-1675.5858841919699,-1652.25298169376,430.7585568013175,226.39253685294034,-931.1115152529917,PL22_0162chltob-l8.png
389,20525.22682666153,19426.737568331682,-1279.6500777293995,-2423.4558329202027,-2868.3512366614586,-3366.8142384959765,3438.4865061492806,-614.9717270945629,3416.267377339403,-1094.1024456521902,1268.9538343327745,-2111.9321909549853,23.24602209087594,466.13556083270413,-298.1829191371045,PL22_0514casver-l5.png
390,12350.501388054718,10750.40489253346,-1556.7257354254525,2338.9279891979804,4981.105866533772,8052.5885466164045,1002.1237329000949,-328.5029810601557,2193.9612747023143,-941.646370448851,581.1931417608754,-108.5105254225444,899.6107033126838,-1123.1098800950663,2155.119343163625,PL22_0191pueboc-l6.png
391,-20242.89204696205,-2481.698373627062,-2441.7755258112693,-1642.4757460388087,1422.859897001793,-762.1595584211235,-279.66770310201844,948.8589395084632,-283.49990890989966,554.7830262222067,136.55227476939334,283.85741846279757,239.53622119397383,-191.72695504051643,482.86346985204034,PL22_0328niguvi-l4.png
392,-7560.945195633902,-4170.288523403644,4050.096534473301,58.28652654292227,482.2317983904069,35.1065042966661,3525.0844518905797,-41.729738858771874,-2859.313896484752,-1542.5226257953618,-1893.6876737038929,741.1470539653862,351.8893028566928,1129.485938739232,-153.5887952924943,PL22_0238pueboc-l3.png
393,-14894.625514050427,8875.171895715437,716.759676176984,-3342.9276132245272,-1977.5064638470299,1395.6364089594308,-677.0838895652611,-550.434900526655,498.5256049298075,1169.9556887374729,-668.5271834226425,664.8805661496101,-1148.2138399664707,-857.7354339984757,1031.9836307469852,PL22_0295abeboc-l6.png
394,5788.802268236281,-6946.355969682836,3275.421939051114,2328.43999132233,4203.942389645173,-6282.559657869756,1144.1967443355236,-1868.135626554502,131.47988637691512,1385.6216548390014,-2966.9282693418436,-169.69041862457792,753.5707085726079,1699.1960971317515,417.21556826707234,PL22_0137puetob-l3.png
395,-28354.41472022077,-1107.4009343738587,-3746.319158944393,829.1744159711759,2782.126671865889,-1820.4134490223125,-243.17407171449992,-79.44661425775266,-921.1124555331648,-163.93182955765982,-547.5355317676895,129.65175004733868,111.57327760314558,350.8336744280859,-460.92264467204257,PL22_0054nigboc-l5.png
396,-17649.534896959398,-148.05341113437726,-5610.5508470568875,9629.475652270128,-4345.286680262328,-771.1501017188341,481.7579382899738,-1774.0752147141588,-539.0682109302721,184.92911789575655,894.0582186495556,668.3748871364398,1411.0543345103724,616.477702856244,492.4893034514108,PL17_145gemflo-l8-s4-f4-c2-d1.png
397,2547.5336881742473,-3122.0264824033484,1696.29961077261,-97.86485705001908,1694.4218952704732,2864.4087525245823,1432.4964659820773,-1840.9221387722623,-1259.3234847678068,-1826.207014657932,-69.79230419551418,-82.7961357956152,42.45004284326545,-137.3533442700775,1202.1873424555622,PL22_0099pueboc-l5.png
398,11690.938177039285,-7462.96393607714,-9400.724739661418,-2026.5714266454327,3508.8366366141213,3496.1134846728846,-3493.297412427702,-1595.39021435117,-1123.1463794756407,362.1714227517085,488.39636899685746,263.4768653424476,143.4046375016231,1324.6701289080397,-972.8536837937244,PL22_0354uniuvi-l5.png
399,-18308.88072673895,734.4098485262232,1106.6233652527376,-3563.945320567799,-2249.944475021319,2744.948228415455,-1884.2912672985647,-218.88421466509587,-83.09012477621961,1460.3371430513794,-114.9474045645592,-444.207627044956,-1025.270591794853,-404.0779748786028,158.8865755499145,PL22_0271abeboc-l4.png
400,5054.520098204963,-7199.734092898885,9547.714793045403,4777.323888173661,-2126.3334492559416,-1728.2183674671874,1985.299023167029,643.3788532470883,1122.3670817078173,-1252.2118453609887,-4452.174274138823,1375.549279102334,2120.847239274915,1448.087940212792,1611.1980550417861,PL22_0181puetob-l2.png
401,-2082.2524025949933,11241.083578045049,667.0059567676717,-6997.438959394913,-2346.64523007238,6401.7055529215095,3379.62743689392,-1024.2205022904795,-78.65284339915847,2055.0178407192716,-501.67758648048476,4645.618014413692,-518.6409986817437,-108.61432229526106,-613.2722159231319,PL22_0133guttob-l1.png
402,21655.40143244113,-11306.813465386555,-9294.670891853353,862.7713932316739,268.47661904690585,2945.900484884583,-3039.622317118517,-957.3120956711443,350.3408129176096,-441.40227943634574,-334.95881590400074,592.4388941782842,467.35298655832565,893.2158451690686,-1292.4389692622528,PL22_0199uniboc-l6.png
403,4080.8532109592234,-5321.707961683198,3129.6188588979526,-2265.414861579283,4236.0845462186735,2532.525491871122,-522.7531979906475,-3111.1816786087725,-1227.654813040196,-2647.744725932431,1407.633694716894,62.32317774748532,-476.62551439886676,-859.0558761865022,1143.6515372073563,PL22_0276pueboc-l7.png
404,-21022.480879380815,4199.16580179556,-3313.6020907101747,-1421.791528464718,2918.0912916943494,441.686547078489,379.0245335123428,907.2686518000547,1368.6939357473611,808.7628383919642,-734.9594574257569,-226.24258807990805,2062.73387459834,-534.0122226445209,12.970499557576424,PL22_0304niguvi-l4.png
405,4622.058226479176,-1958.4440465547061,3172.9110662044222,783.3687413252418,6414.038452759315,1794.706933810507,-3015.2788401416637,-2984.456305417092,1055.9351169251363,-1180.4210523483375,423.86451412238307,-360.436221641466,-1326.4504682942836,-1403.5620255632637,-941.135715755305,PL22_0021pueboc-l3.png
406,-16128.010335603736,4955.91629959492,-5581.354825400655,-1612.783143223792,2583.7410481010324,-2420.431925843447,2128.449697192631,1126.211458615762,1141.084804665853,-86.15223063487798,-1596.8518886494373,-1131.6164082617704,1938.2739401410863,601.3793349449525,-822.6265656305259,PL22_0388niguvi-l1.png
407,13416.953614009442,-14146.941470151267,11409.468644158176,7352.224606467419,3221.9005523552223,-9317.268503192721,2155.6317320896483,-529.4800682326638,658.231271887101,5516.0592368750295,-4925.181572569699,441.3610576417792,361.6351799545403,491.6188685119743,243.63886519773308,PL22_0123puetob-l1.png
408,-10909.061197001585,-5155.940530995281,2017.5349302947445,2793.304480870885,1170.7520826417576,1231.0328361207396,967.3740733934303,709.2862462332147,-467.7881786082758,134.46389544580728,-979.4819455490665,1919.0712526276864,522.7325538150715,75.00228924046168,564.0265594469471,PL22_0281pueboc-l6.png
409,-7059.693209048305,-6480.475073402704,-4811.513654711719,2017.5132917981878,135.99537785877646,5024.167378777024,275.2157411832534,1393.328730692084,886.921609149549,-2546.8772598911632,963.6151194968883,-948.0160491670057,1469.5557757110764,-1107.4397658914065,619.3007132448679,PL22_0258nigboc-l3.png
410,-21281.57538895135,-3403.3575133803324,-2696.3710026466747,-2545.6941995862553,2326.8914557961816,-2199.098160293876,1201.6435069395038,956.0635935313522,-584.4014989148508,208.89345155184043,286.4761626436997,184.10190756398336,15.228887335512201,-256.69105895319456,850.519658979256,PL17_106nigbel-l1-s4-f4-c2-d1.png
411,10391.211957434285,-7616.368164727068,2703.381997843556,698.7526910615553,3191.7598323614257,1060.9215014718036,-526.0312593511889,-3169.6471536990616,584.3321367906397,-2593.9857792688135,-2767.460622984092,-1173.7310286378315,37.78327500505324,196.25287401863312,1013.5934350602478,PL22_0306pueuvi-l9.png
412,-18701.300265832982,-2364.626716658649,4518.2981987424555,-3578.7660008962284,-7199.103380098273,2576.6417175282813,-2868.747348258484,1935.6565262236222,-70.65294171942038,-206.7117927691391,-940.5088611311025,-1358.4041701708309,216.75110077396175,-21.469499142093245,-978.0236440220233,PL22_0168chltob-l4.png
413,11238.27567597194,-6215.799727454357,7523.690407552862,7149.5447371973805,4425.018431767853,-6353.54349018047,1099.2138862881986,-1281.5376462810566,760.0413086485262,329.0200537134015,-4263.152053727265,-169.44030232407712,1161.5015458147395,-297.39404875816865,-1529.0580104790124,PL22_0122puetob-l8.png
414,1604.4223305180635,-3782.9207314269797,-908.885400739709,-4105.40585651988,-1285.3576800067108,343.7559819465188,-401.6722434362717,-3309.514690289734,3340.3013437546815,-3803.720306667614,1440.2870084210776,-850.4186069212279,-1255.4428204293547,246.27057785057073,-762.2713977707425,PL22_0508casver-l4.png
415,3329.1683810161194,15455.963918528609,1761.6046243928276,2739.591439133896,747.5444807447708,1118.2056978620433,2234.4670469080784,3565.2515481790338,1729.494047438808,2381.2378398869514,2680.2301028782476,2999.5173055911546,-2973.8184945154894,-71.63748355557655,-1755.0658263340813,PL22_0056pueboc-l2.png
416,-15934.248081815987,-560.208763045432,-2497.504731998549,952.242794963593,1550.0243489989762,1905.3131531321399,545.8668426794702,1270.0332695290292,-1995.8365127173806,-379.10592591657826,-627.6487617090428,-1436.4090182511695,-1877.5962421467027,-160.8703393546226,-721.235662230724,PL22_0206pueboc-l6.png
417,25221.211804847328,-14950.30248099485,-7564.155587590173,-2411.731241878316,-563.6291328684157,-779.833841198172,-1421.4557140864433,960.7692644706902,1459.4077553912075,252.1309508161666,-1801.4935898249646,757.7397809033984,-1232.854243149913,-2382.0694930049417,975.3728102431028,PL22_0418uniuvi-l1.png
418,-19496.471716621156,-2208.943682388287,-2463.042987282455,-2806.7972990578783,2289.887040403074,-2174.3657281081782,1517.1160544300553,1335.1034600734827,-723.3947839159134,240.89033106451296,832.5036275092793,384.60135227173197,-65.69289419316284,960.9145267927003,184.6382908019645,PL17_096nigbel-l1-s4-f4-c2-d1.png
419,5975.155837513349,10408.388445191025,992.0430439288971,-10214.352073973874,-1287.2690697820476,1663.9312439542325,2108.3232458394564,-2347.1556254718903,808.7366974590951,3403.2269167140407,347.5223212141663,137.78159878860973,1060.7252108551572,55.58517516241024,167.349135484312,PL22_0156gumtob-l4.png
420,-20648.164098507856,-2315.437440637159,-2045.1853532815321,778.9927720943324,105.37972213199069,-2224.7317277460916,548.7649039799004,1676.7798558361503,-1738.8950693402076,684.1965690088962,-7.953872994199099,563.710831503321,294.6343366627308,169.235177697664,1213.9300388689767,PL17_114nigbel-l1-s4-f4-c2-d1.png
421,-19488.45384132502,-2636.489504044503,-3860.8287169301643,-1229.3526160984331,2702.6334699906233,825.9129369878085,955.5998162239404,1341.8805957807597,-43.55478082872607,719.647587573472,528.3787321204671,-779.3276223325822,-172.219980406862,273.3816688752081,485.7147978495954,PL22_0253nigboc-l5.png
422,-21520.255936637488,-2552.085908049854,-929.0974631062569,-991.5320134844031,598.4337156145979,-719.1745280237698,-475.9615607393141,750.9534160214729,-724.7059276743926,-582.4178948523656,-346.11701055587076,130.0611763410716,708.8867506941393,-314.37573350546376,202.45168452318882,PL22_0339niguvi-l4.png
423,25665.158726900027,22028.17178319406,-5086.746544593988,-1947.8441885458217,-5216.9359985878045,-5193.992473696001,2398.609794040552,-1882.514189355213,3469.0077958532156,-1461.4130172345278,-2320.1847710570873,-1714.6843502691963,-1172.0691155687578,1833.5602390932743,-1496.8784217573548,PL22_0484casver-l2.png
424,24236.82058658145,-15215.098424628291,-7321.6646866573365,-1110.363660782149,-1519.2955906331326,1911.7206324500046,3357.457966105084,3027.1323007912456,-1470.0245024915046,-1130.6062698132368,1469.6655525932206,910.408507971811,-2175.5544797948755,2541.475697546219,40.17127064105403,PL22_0106uniboc-l2.png
425,9628.033242723015,12181.068730567857,3324.5758706704673,3688.2783413686348,-507.85328354831944,-4775.484939134312,-867.3911164055729,2925.077810279533,-2727.1043434479093,-260.43345444525085,1062.9945595705433,-776.2019196739916,-1601.8807911423403,867.2663962755926,-1445.3019867495411,PL22_0243pueboc-l3.png
426,-16836.082475603016,-2029.8011572329415,-7122.823467188548,12460.435848477735,-5358.454257178309,-291.7882720952823,1653.325332403088,-3455.874936976818,-610.9503471871175,470.0287787208698,2499.7940862725063,-379.7167195845031,1273.9241802600332,851.6641170958856,294.14287449207035,PL17_144gemflo-l7-s4-f4-c2-d1.png
427,-216.87378640021603,-2864.430533161033,2357.1472801130794,-6071.65643230945,-4432.621960137563,818.0883167870013,2086.975057030028,-2631.760190224147,1653.1787300255528,-4486.391762208676,1875.5211914750446,-810.3833090695055,-1066.9104788289792,394.4483143498799,-143.1745064451676,PL22_0476casver-l7.png
428,-22266.630684727825,377.47598833657446,2353.4119883185804,-1770.093809541429,-5128.953909715451,1018.8674817443617,-2099.5195740279723,1363.7487707602131,990.7479136457107,1531.0319784911003,-975.5088300227711,-1379.9097680601558,242.73705558786864,150.0527594838347,-583.7683494260484,PL22_0417chluvi-l5.png
429,8385.576438006769,-4128.97291560962,9705.609322102893,3963.111260355699,2280.4943970477184,-3712.278109867307,584.6579386647626,-923.7459032974059,3038.635897093822,1972.9722236413158,-4528.927249685729,397.8767382842171,-1640.7770672658328,30.019338028892932,1132.504818241688,PL22_0378pueuvi-l2.png
430,-3142.238084633081,-4132.068345297573,3542.974663151043,2756.7775238495046,356.6818798995955,1540.9429238924063,898.8519531776997,225.14822897047236,-1195.720906673198,-1160.3080041247451,-729.9953799535592,901.7582340188176,-207.52595704643505,1427.2521843686256,1053.244054834805,PL22_0097pueboc-l4.png
431,41335.435938318675,-8626.217978774586,-9722.175361517873,-201.62125915090164,-4701.459947107283,-2304.2688413600167,2959.0253602899625,1411.0137360152014,368.6406387534508,-1105.5956231603222,-2629.1307664040273,4772.873926596692,-1939.6586882903916,-690.0333855730785,-1382.7601551619998,PL22_0110uniboc-l8.png
432,-23076.724403142096,935.0691978646513,3495.2309802180434,-2989.6912599643047,-5380.178634855099,1733.4333546839305,-2883.8448713732255,1816.3031605122042,1128.5905655886522,746.660964242475,-1531.6355181072302,-1397.6650257061822,-47.17002201726676,62.33632823980743,-377.8674795460654,PL22_0403chluvi-l5.png
433,9018.757538777838,-6318.961425723108,3159.512012114123,347.6563854000715,1519.2067580542473,2158.451749144574,-2300.555456936758,-3005.633200508178,-2186.352880996579,-70.44306829500208,666.3598748760678,-1941.9259336786206,-229.58011362410727,-604.9129519850446,-1153.3139752465931,PL22_0015pueboc-l5.png
434,-2547.661739536524,4789.573592976883,2490.5167670389033,1372.689908072218,2185.7192974685536,2420.1657085692154,-83.63239931602376,414.01106296763993,-503.00550861078784,567.1047304905261,-374.73678616376026,2070.985935062669,-1907.7332555658122,-639.0562306217237,-818.6316173877807,PL22_0111pueboc-l8.png
435,4527.093881584059,8206.993425692765,-3853.111448668816,1245.3751376174316,-2494.2448622669026,-1426.2645838615115,-4404.281495009231,-140.01410795274055,-151.32467006822807,335.83375403957575,-1280.942168141111,-127.10621338976611,277.9414703350497,-12.634253225377721,1035.451837113501,PL22_0356uniuvi-l5.png
436,33125.61056153411,-12296.831807082328,-10721.150435481017,2310.4551296348773,1657.6298595065841,5293.268000922836,-3950.875894252367,-2378.6037696920994,-2313.2362222119114,-2277.232062734305,1110.9054578930115,3773.4550524263273,-1636.809322661376,2315.940173493854,-813.5916217887367,PL22_0299uniboc-l4.png
437,19970.27212503099,-3504.385875596052,12079.578165934312,4356.4872195907155,1473.0956124732077,-7254.105969736684,563.3316642830891,2624.863993868182,-3675.2758453601573,729.1873320065337,3983.384798067531,2820.6030893430884,441.2885460067445,-3050.8453876938156,-6318.887406298902,PL22_0326pueuvi-l5.png
438,4519.151025736267,-1843.361792079262,8189.690593284217,1086.6951371627993,779.819660867761,-1463.254622545444,-658.1141945808935,-1596.2931260989913,-2489.4925655718985,-2818.0539260999835,97.9806609292558,1966.5795232661603,-874.2778190295128,-706.4311256318022,-444.34789422750725,PL22_0241pueboc-l10.png
439,-26534.637928459768,-481.434032162348,-1895.9555991690556,-2786.4505163171575,2154.329606603708,-3737.6376664854524,-644.3322098630747,-373.63570237401024,-657.2624873631495,168.29506050434878,-757.1063342077895,436.89501894329914,-161.23971121929463,-238.95053883562963,170.52583135980404,PL22_0481atlver-l2.png
440,-3265.933369804419,-1472.2088279466445,1651.8345346695912,-2332.3462597761945,-2495.2803536606366,527.0777915695925,1050.8101033396558,-3846.6303416350947,917.2213161886177,-5063.512293558651,1701.3791042819055,-104.84551943830688,24.773063135403852,377.80822089840933,-642.3967652440816,PL22_0509casver-l4.png
441,9493.493245014628,-4025.3142634459655,5969.201919039963,-11776.83423100258,-3067.7507630470577,-909.5035346707373,1069.8179840588632,-3788.767528975683,-303.840130714265,-529.0149320901452,4861.815203181875,1043.7179439793247,2860.651888120198,2384.176124269438,-237.2751477857972,PL22_0170gumtob-l9.png
442,-23656.439068325497,2610.202431354633,-3591.219182690572,2023.1640755314218,791.9668285471829,-2358.866229597937,-516.0572491864418,1422.4427976394456,884.6645277975875,385.1683257879122,-749.9482418785849,-296.87933056871543,1181.7826374753706,114.59684924319832,-74.59412298476722,PL22_0205nigboc-l3.png
443,-23355.686623299094,671.2097686040138,2287.690437017804,-3385.0076149422116,-3678.7381597180583,522.3044226910674,-2025.9322564455379,1026.2452661876162,1128.5073247660994,1229.3260120568073,-1012.7760289308595,-1176.0801949078943,-67.14682527681431,219.3699494988314,-859.606118302653,PL22_0406chluvi-l2.png
444,-25198.23347991814,-1576.9051349290692,-2219.4425445618876,-3109.4059968354695,2285.0368954253004,-3006.263621247969,-161.88280115755447,27.601155724586565,-475.74463979923354,82.48053982750437,128.1826536648228,335.19496871994664,-455.91494194080866,-76.66023582243453,213.99011829403042,PL22_0518atlver-l4.png
445,22050.639432532498,14830.527799983505,-400.75762851193656,6536.709513877808,3529.7592678350557,1546.2058176583068,-832.3424330135234,-318.6350697271037,1580.832859163759,-4782.7124678386745,912.1035201438466,-4162.525266573766,5572.933366061247,-269.85381034318766,-1595.154117163866,PL17_152pueflo-l5-s4-f4-c2-d1.png
446,2917.5592633467954,-7166.687673954947,6047.8781713071385,-334.78052973386923,-1076.391263352727,3595.4683236915967,1337.2068764091844,-74.99643165715037,-633.496262849145,254.2782590272966,-241.32935581490344,-1480.740350435636,-268.85832080450575,884.0540933631063,682.6579601080975,PL22_0051pueboc-l1.png
447,405.3592828438241,-3095.7541916753275,1668.5660155253681,-5570.596054859916,-2963.2200266156747,-836.209894692464,2230.8290021620314,-3356.2370479697684,2222.257570489358,-5040.811933844235,1071.5073391828655,-227.39348932607928,-1052.826248253343,-883.6924562427345,4.8614191019472655,PL22_0473casver-l1.png
448,15939.07817744108,13110.970867246324,2808.613444693811,7562.581481850843,1469.1532561059116,-1617.3598070667201,1676.8239994261785,5512.632054558561,1455.40527604164,-1075.4277966996424,2183.7390412839995,206.22123795731036,1047.6928666271524,-2032.4062979662801,-606.4030313436112,PL22_0135puetob-l4.png
449,-17813.998120279935,-2696.702166569704,-1343.3356902094788,-1613.3948106135215,-777.5085379570777,-1982.2073819040884,147.10279024566532,587.3218972506974,-377.6941322344574,642.6643667888402,336.9413658333545,9.637383811610404,284.8393721969786,-165.82019011892763,670.3123435780044,PL17_84chlpor-l8-s3-f4-c2-d1.png
450,5047.63951383137,-6760.061717606435,6510.6094811227595,-561.3343554624299,4191.876865864234,-183.83026233575256,269.8713383439174,-1326.7571225092045,-1040.3828887186658,2567.8884827419665,-240.468703023527,-1008.8732212183318,387.627391426005,-1866.425825881608,-2683.2563986667874,PL22_0065pueboc-l6.png
451,-25033.385398842896,306.29497162240745,-2591.9669525853446,-2927.7249647628755,2829.630875520539,-3839.6437655322097,-382.5719566448687,-248.08765594725665,92.9267354666884,409.8897119308406,-150.93359719118004,689.6887343125871,-397.3246806806957,339.3046992283698,-498.13943315019515,PL17_087nigbel-l3-s4-f4-c2-d1.png
452,32788.85467502025,-7557.368675224212,3123.8471110569762,1329.1234586832297,6044.817015536154,1224.6022185452243,-61.38538969628371,-1334.4677812271175,-2654.3294315335775,2300.3567278600967,1563.9714890129276,-3834.1564933927543,1324.4894289789543,-2363.3338078486236,-657.3052907227935,PL17_131puebel-l2-s4-f4-c2-d1.png
453,-20486.832750308415,-8824.769629541917,-9980.234761392423,17365.853749027476,-8238.973761257868,-1618.136280778937,5210.985435455781,-5547.307559873904,-3842.8915666557937,3072.484534218812,2169.810889487409,-567.2554442732495,-2069.621225413501,-3313.9293195960713,707.6140128690519,PL17_122maybel-l1-s4-f4-c2-d1.png
454,29747.334240921064,19372.37328204872,-12911.202802722175,4341.5918635034,-1471.4511500862816,-7399.7489209481155,-2758.450617798141,-2122.7405909170047,-1697.6982184952112,-1861.5294261964527,-4089.2844024039655,-4688.2595037086085,4638.35024822009,1104.2207106625692,-2247.415911100779,PL22_0284uniboc-l4.png
455,19580.177006848084,4982.067997565038,9141.850788428814,4176.2376692542875,3902.937808917731,-5420.341197798822,-1629.560356991585,-617.8518775614301,-4356.256643266974,-993.9075653720929,2846.809507496277,843.046182476653,1169.8420134840567,391.12509517184236,887.780938305725,PL17_090puebel-l1-s4-f4-c2-d1.png
456,2591.9372057791575,-1354.1385080212897,3502.840408722959,14623.668911303945,-2056.354771804092,-1002.2172264089584,-2768.747910784146,-1334.5455966710042,6701.441734306121,-591.7632987479489,2508.995988408353,2985.992952674169,-64.63223034574273,1166.2212506141261,2401.439802992911,PL17_111indbel-l1-s4-f4-c2-d1.png
457,1870.1984314074743,-2859.7334399563915,3923.3963461134786,-7287.23685750321,-1740.3883576096025,14040.222959807092,2470.4842933753503,992.636622956567,-2929.6196734662376,-1543.9274598264517,2523.4897509053144,4190.100275442352,1092.0497024077765,3968.9521729057656,-1794.258513002757,PL22_0290gutboc-l5.png
458,21419.911515581578,-3384.3863916377886,-5623.351851587984,-2839.273096526059,-1361.8920319217107,5279.246202954567,-1840.6926944193021,-1155.4138023278365,-132.30488511048787,-2430.831978758199,-1016.4600921603002,800.6887796041267,72.14846179548238,-534.8744278629825,768.0058994794022,PL22_0320uniuvi-l1.png
459,15530.33670783778,-11057.89294208497,17044.574934969718,5529.017633860755,-2567.8255779843685,5492.072636386083,2569.593715842773,-2345.9699768882333,2611.7928790583555,-5057.51616809776,673.3372339101039,-1863.9321957333004,2600.0882344109386,-938.127312349011,-2308.3210832865093,PL17_155pueflo-l1-s4-f4-c2-d1.png
460,10414.45560120127,15874.363588452099,-249.11731372444706,-8637.335164472095,-303.2117661712312,3642.66773290435,2688.458259816818,-2977.0427714893335,-132.58909683823595,4881.380230825795,786.8609582791951,305.21304854201804,1709.0172256090839,703.443264716218,-1230.7719511287116,PL22_0169gumtob-l1.png
461,14399.650434051036,-7570.947890186322,9039.346723159939,3197.65158158733,4100.886976536938,-1406.629935867584,-3189.9396017678073,127.72565163160137,-1330.2685132786764,1782.406853903473,2277.7088631973897,-40.69323746796326,-1105.2404466987884,-1373.4675810982908,-1378.0522864241605,PL22_0017pueboc-l11.png
462,7648.060353248067,-1122.9926841704212,1716.4631111085941,60.75375865837376,6036.719813322149,1403.4563330088665,-2658.5977216822794,-2821.6895811966506,-2274.2455231065837,-71.72872971149262,749.9726439626243,-194.31221073093846,-108.01690969953427,-923.2862413534405,-1611.8179444297507,PL22_0020pueboc-l1.png
463,-23417.057663237578,-1710.1564139183856,2806.3568290578232,-3814.6974131608163,-4184.526399342526,1225.1579564498663,-2299.8310904815958,1316.9171848807148,825.2027107330108,784.0356912197001,-713.8783722745042,-1622.5305711907808,-840.288557675256,316.4239710592582,-1204.7982362390774,PL22_0399chluvi-l6.png
464,20373.21104109902,-10579.132593834101,-10473.661672310718,-2259.3970818997477,3456.84611539983,1305.6016681005372,-2536.6547209038176,28.86698274541438,-142.44260992746703,-93.58841396718095,-2832.5896289574334,-2674.477956070981,-2347.21745481828,3305.691244504708,-2377.396805221105,PL17_134uniflo-l4-s4-f4-c2-d1.png
465,-17702.636849953025,-4201.994425783806,1998.993294675384,-3196.6074697581494,-4394.245497878191,3231.1912451729286,-1426.8943922533656,2582.7768201713743,361.2016486471149,1356.1523961046598,458.80337484290243,-2534.2092479422463,-1001.2776474193555,1336.0819582886695,-1806.5056624076199,PL22_0151chltob-l6.png
466,10297.606953205011,11298.231207986817,4334.173081500891,4054.653886662397,627.2908603541716,-659.1853846308928,-1307.1093550794244,727.6588599814188,-1443.9471004593079,-2398.608705336595,740.446653099687,632.1607589368147,26.801344098759223,-1140.699903943536,1886.701107479496,PL22_0353pueuvi-l3.png
467,3118.6033919222473,-5265.837683641311,4759.570887999381,-5988.4867746022765,-6707.643504028952,-724.1292464790928,2668.596890931534,-2344.825450717749,1167.1419273347603,-5714.8315222117835,1378.0177148753883,4.906258756466167,250.12678183588642,-317.11967951949686,-358.70245617097805,PL22_0485casver-l5.png
468,-16695.839668731962,3445.4633707515627,-3405.3303459767803,1439.6142215356288,253.00411889918695,784.6068989167934,979.3636924221968,3315.9050469701197,1023.8020590814567,160.76612090170758,-582.4235524688328,191.9548766267947,3223.026503799239,375.57482074595407,338.6343585168923,PL22_0311niguvi-l1.png
469,8188.846435558213,-8869.180011856855,6636.676147914994,4990.760270403085,4095.8232770435334,-4007.3462583698574,3128.8403017959604,169.10123219500636,1213.3759953629149,3050.643180283032,-2798.32584948345,-1238.7469626423388,-1026.2035746982638,2627.6318961991333,2252.891274870405,PL22_0119puetob-l4.png
470,-11123.615609175422,2064.1670281114893,2093.381237564796,-5382.751331464856,-2166.7313833965754,603.3345542336453,-1936.4923194900246,-1097.4683564060215,-1252.3994664162412,2237.5321434672273,727.9107987001903,872.6825237111187,-885.6403749588561,-90.55832513768249,730.3763039640761,PL22_0395abeuvi-l3.png
471,-16216.242519187099,-6297.144775869328,-125.45004753373907,-1026.9701129016403,-402.8547949479561,1987.3113276461906,-96.10519231913082,1264.8801728194787,-1116.3195571329559,-1512.2796286169607,564.9327761677238,369.50912176981467,989.9506122187249,272.1869089551873,410.7980477654068,PL22_0313niguvi-l3.png
472,10521.754921097532,12652.51137306488,2014.2495944186307,-10623.34882653003,-3602.852638282487,2901.3112578839723,1796.4244147096153,-1742.153766135389,378.3138156175582,3201.5723326906163,-174.71563260331564,-244.0352574543294,594.9366121260881,247.66871898959303,-160.29094142710062,PL22_0157gumtob-l6.png
473,-25568.615036128875,-1240.7884076458583,1745.0503158949846,-2501.9080900726744,-3378.6345994033936,-82.57145704847956,-1737.6742107827392,584.9320181721108,215.70489316181835,648.6133541690838,-1090.5465599051286,-1347.178482625054,-548.8894376033469,-66.44374022329585,-915.7086453596698,PL22_0414chluvi-l1.png
474,3632.6354765826027,-1967.0044761404797,5640.623272085678,2560.2826369006307,3791.0718809588648,785.5006988001826,1669.872685876414,-535.2567564112379,-99.78027556976129,-1790.236628752889,-1978.1393961074853,-1293.073694303146,-842.3949813038203,-386.3909560892944,83.79274413735932,PL22_0379pueuvi-l7.png
475,-29998.931748259776,581.4075236925294,-2844.194258805262,-2612.018809059657,3735.1597489306387,-3635.088308605819,-1114.017173462872,387.25769670643064,-125.50494042019402,-855.0515572278543,-2003.6044521038643,102.40863468969525,-714.7771589148948,277.2163067293968,-705.3480942704686,PL17_149nigflo-l1-s4-f4-c2-d1.png
476,-19892.718761223536,-4211.850327144045,-4146.3701208277225,-923.1976037939445,2707.14811482472,58.56796064189991,982.1938862862544,845.7581232902096,-555.4940045256365,183.18410387160796,1118.1032000939022,-999.7424987138172,-533.1510896977766,1187.6815084804482,-357.8452569120082,PL22_0032nigboc-l4.png
477,18072.268257628188,19390.451097599238,-8179.588661782839,1786.7108022724458,333.19141952068543,3113.5299384961518,3599.092679014452,-1598.0622585192316,4526.878940541211,-1315.5919635378134,-863.4451858896647,-104.65870361041875,1878.6675174438042,439.4212395318556,-411.80405322709265,PL22_0493casver-l6.png
478,-20211.428566566094,-3709.9760994469266,-1981.774988655686,112.00132793884035,-226.0940237480846,-772.401090373648,1297.3373774914287,1294.7568076959667,-112.8807713725121,-533.4404578234937,-109.28147727115895,47.38813811825463,212.13415326266986,-774.7298748012737,210.92986516458143,PL22_0086nigboc-l6.png
479,-3405.8007728532893,-8600.912778583988,6958.549490841492,7902.627597854023,3827.3214602690846,484.37544617722176,-2802.520648325331,-3402.649486425671,5685.828454625256,440.14788771065827,-1195.415042451514,-1701.4488845458668,-2059.703645406203,-150.00892733944698,-1871.5170249985008,PL22_0372induvi-l3.png
480,-23896.55617510232,-2797.1816626678374,-3279.2924541323287,-2156.2723851900914,3137.1147237936416,-1793.6866273056687,1305.0822034607072,-184.6784589162083,-909.7294024646517,-808.1411543788037,480.64302479656857,47.53679228842922,-345.8566238298818,389.87291235183756,62.01574562908696,PL22_0219nigboc-l2.png
481,-461.36578803926466,-674.4852176114847,-920.7418567934172,-4040.5765921981324,-1327.645465073868,1527.775651416811,4830.650656902052,237.79578681464255,1757.0105112634285,-3498.5316724312493,854.0361957335346,-920.8079485347068,-220.8642055864646,793.653183064811,10.624139264399021,PL22_0468casver-l6.png
482,5539.129073541347,-5414.661744618472,6444.814507203594,2196.9746942859074,4092.300603524872,-833.845808673781,-637.52262383823,-2134.1388149513073,-891.6451254237857,-947.171136415468,-1070.5625135144135,-248.59906560961417,432.3048212716634,56.87763152869945,-494.7343088365416,PL22_0428pueuvi-l2.png
483,13305.455574383566,-6757.802565668553,-3662.6801683915883,-4980.455935510755,-1195.0672488973867,363.1289520748455,3285.524055473616,-2358.482409456263,4363.528170682695,-5350.041918219389,2223.566994749604,-2705.2761652024565,-2034.5832343981392,-511.9550767610977,-467.0246965451543,PL22_0498casver-l6.png
484,22230.433270670226,17115.2088275239,-8312.36989473468,244.10687990221714,-1914.9419117050313,2459.847579099149,113.56368414666767,2826.623702087589,-1576.1715709973155,5153.411275016345,-1483.3868878111787,-250.68427286054518,-717.0006938060519,2607.0305875061317,513.3890614161497,PL22_0340uniuvi-l5.png
485,14681.475355609702,14504.22031615484,1162.705422344332,-10323.12048162585,-2606.977048506447,1871.5156459435434,1933.2031203812285,-3135.292741002197,294.1449867159276,3080.339400346091,576.5638528834761,-230.81537959325348,524.6791240350982,559.0956587279768,-661.4541970450375,PL22_0155gumtob-l4.png
486,14700.263817172337,11320.749358147708,249.34996122804213,3806.2166647134086,2088.8620172702495,-1380.0673741183327,-5514.581340103102,-1171.5692513741344,-275.3522247267421,-178.7038602390697,915.8162336979082,-2208.852951552476,603.4627445968403,-3173.4117241257063,1197.1052309245385,PL22_0429pueuvi-l4.png
487,19667.25353011714,-9449.486697070213,10449.604843560533,6654.966756267977,6506.154725752313,-4662.426704226581,976.2971061947378,-2236.6017736983977,-474.30182694517674,3908.794003533595,-3642.390551997467,377.02830458632894,2851.011659783207,-1344.9907708986548,-2080.2576008489577,PL22_0332pueuvi-l5.png
488,-22777.774935347272,-1589.5891542420463,3783.1480716990745,-2800.4280936986634,-5847.520296354012,1659.599633110896,-2567.1065271102552,1370.0040852556342,498.4171218847134,759.0380386669194,-989.7176459794588,-1821.7893215296447,-340.9874388503099,162.01272565310848,-998.1558049093238,PL22_0415chluvi-l3.png
489,13153.142035606761,-8190.211323601969,3479.0023583594193,-13447.609725830622,-34.72736998771205,-3274.011317200561,1003.0428560504498,-2266.3880674070742,2427.8769604569325,743.4085232326607,5549.057877164735,781.5653752472932,3317.02052016193,1606.4498302715126,86.5020500216344,PL22_0165gumtob-l11.png
490,46582.50418503313,20258.717832436396,-12390.749183921404,-201.6607955192671,371.27149050212444,-1275.475812159075,-3244.2761174006537,-3526.0136687724344,-3546.6436160307603,-606.3702557979811,-2223.3718002912756,1165.1498253546092,1673.2850119151499,2048.8394395606597,-22.450948312707503,PL22_0061uniboc-l3.png
491,22188.913301658482,-10448.13833623936,-9311.235778908082,-5805.382220610668,906.3428830181289,888.8695721976374,-1629.9214340895965,-970.3068371448772,681.8289572042086,-3737.5807215568757,169.21880810702484,-1270.3382268537591,474.813900781487,-608.5354702767874,246.8419012536392,PL17_143uniflo-l3-s4-f4-c2-d1.png
492,19612.793698557853,-6558.200829818173,-10151.579033364238,-5111.783534979846,5878.640336190836,8016.198286170659,-1133.8080171970569,1466.222116783746,376.79425739429234,-1860.8879014885695,934.5801375533988,-1904.0742705032287,-91.61470625134567,243.77959830217458,-76.06934467769895,PL17_141uniflo-l6-s4-f4-c2-d1.png
493,-12189.487954443579,11183.811865536012,-789.0901631961432,-5016.849794405617,-694.4842417551995,-467.75008581394286,1525.8058043146498,-1809.0750727780874,-51.975704575059424,1980.5641445937922,-1434.713551843178,777.298673296994,-1925.863125583172,-1940.0759094576476,1464.564367962057,PL22_0386abeuvi-l6.png
494,-5931.503349867442,-5484.915048164404,4455.983685988348,6393.143796001662,525.4404094524957,-1221.3587654455762,-1203.3967229248494,-1158.2625063521982,4986.849760258947,481.31820858441864,-1134.5597797871735,497.5857381150605,-1532.9401566716633,3142.129095595652,1961.4896724773137,PL22_0432induvi-l4.png
495,3858.1808727437788,-3387.1363326295823,-476.9677360023833,-5047.871265535202,-2552.096838296739,-419.61770815233325,851.6886786641492,-2545.0876298947337,2586.2118194387926,-3542.81265125784,647.1913686942212,-1221.5984615881441,-2250.99929175781,-620.9825348453072,-309.2989009429561,PL22_0466casver-l6.png
496,-25386.0940378904,-1410.3092582432612,802.1998899838757,-3170.7431209172,-2249.472302294192,1273.3628566742225,-1235.05850846955,648.1511314757324,82.0887076301022,949.2584254678601,78.73372581277695,-2074.229378905315,-1283.036231070452,1284.1624577257605,-1513.3471708153374,PL22_0175chltob-l3.png
497,14516.81210104921,11469.746336734941,916.8067297722172,-2837.8289549838387,-2914.7861113790364,-2736.0238681443025,-176.62379655149283,-1028.6537728252154,-2866.411313509542,-2958.403584261502,106.15233824154672,672.1060547949251,41.28366948811763,-66.4283139058181,2514.72297424012,PL22_0298pueboc-l6.png
498,-21484.661777437734,1506.3770779106694,-3959.9327879599923,687.3960673748479,1308.6691172594292,-768.1085205904205,450.2350996469748,1351.2835624369177,213.96479400192337,389.77049718385535,-440.8579658377378,-51.65807153862139,1433.8981971372457,82.33391812054894,623.5952887061964,PL22_0341niguvi-l4.png
499,21003.56726581442,-1661.5977317879933,8976.09551519161,1956.895181677595,3759.8342987928927,-2482.2777719805354,-225.6667079949071,-2129.594379788203,-1984.1846687078498,3944.6424273047396,1714.519163899757,-2130.3814776043146,392.52195435513875,1549.4985153823354,-1118.3664237757423,PL17_117puebel-l1-s4-f4-c2-d1.png
500,-8491.183421202843,-5734.536711072037,-5597.656948938357,3587.003015808369,1094.1127353081774,420.64837462875903,2113.3394925104026,1618.3120227071993,138.58305452571517,-771.2905499241494,602.9788663196001,-1135.3760194022134,363.78946309068647,-85.31325587521255,728.1022609688068,PL22_0059nigboc-l3.png
501,-24697.434462147616,1703.416684758956,2358.9863194670174,-3168.933376618015,-3759.18708062963,419.5168019775351,-1979.8152327246464,581.8455513922361,1259.938743937755,1290.4713653008314,-1280.933943723654,-970.6274393750773,-202.7560226348355,156.5415968013027,-1282.2077759060692,PL22_0404chluvi-l5.png
502,-14927.152831747388,-3910.2106010674215,-2851.991643010638,414.01646226373396,750.7779355236177,3322.810427965799,798.6857607007902,1368.4554200292143,148.00794109184548,-945.7855847163798,420.1390770586275,-105.3416837268769,949.404923593078,-533.243471732563,353.8973442410948,PL22_0193nigboc-l6.png
503,22292.442842052402,17806.114220928906,1077.5948642846724,3804.5493811708056,2327.7179767154635,-3659.1444294416074,2242.1912753574634,2422.0652394753292,611.1016611000945,2141.3253799745517,-605.996232231388,611.5348188115265,-3878.672368557231,1025.031721468864,-1359.6092349505125,PL22_0357pueuvi-l5.png
504,-16442.19897122578,3659.5055894949437,-4738.533503553081,2464.380029034443,1747.6634765276885,1417.4767031609492,997.4122642596484,1751.5670499673818,1944.3532422206997,27.098244578389778,-128.88161700365066,-232.7201253104074,2157.00941331009,-136.5187169601874,488.1598546845997,PL22_0265nigboc-l6.png
505,-22758.059199701976,-1710.0778849796852,-505.47576087533776,-2360.7763196319406,20.504169428467065,-1175.019811867728,-245.43720550219257,1211.5170859059886,-49.05498260003606,440.89359329315937,-982.9806980451607,401.65497550667243,243.13120909803783,-1041.0668911695216,876.5302813585472,PL22_0463atlver-l10.png
506,1590.5312936764044,13557.20235960171,3662.259817575797,-5519.860749330517,-5568.564679627602,3898.2183100697607,-155.5592359574553,-1516.2126454134316,-74.20468157527034,3245.950111062173,587.3251843210131,611.8290451294087,-1639.4089722065462,-708.568318745018,898.5061937711176,PL22_0242abeboc-l2.png
507,-22748.32747275888,-4074.4531911602785,-3996.466312397415,-87.57896184988452,2384.809982946305,-229.36386730645128,941.1080827910113,959.3077615710447,-1225.736991060001,161.53389776774412,1046.7208732136025,-857.7370775664357,-932.4961194674166,715.4889044528362,-72.69298359227217,PL22_0267nigboc-l7.png
508,7194.02160923967,-8705.42652774036,9698.863027155996,4766.895356228252,1989.7868673577534,-1604.5836794611723,-165.50040880811687,-1765.1396224615155,3594.3174006158592,269.056275921886,-4832.576289781252,561.9395085351613,-297.4538397194254,-574.819695615386,-333.00755804257483,PL22_0185puetob-l5.png
509,-392.6342819798087,4434.198076436837,6055.55388369314,3313.338491843708,673.14880980549,-1635.9875709702965,-1285.6511232657165,2010.3092712454966,903.1416746314358,-35.04008186745948,1572.276244579588,1504.490571979734,220.73811722893865,2268.28754023916,414.7292584648688,PL22_0227pueboc-l8.png
510,36584.543240351704,-11369.031524371918,-8583.584400674237,-3986.7832696780965,1228.7708679018103,-2222.2581976471174,90.63038762556509,2222.969551428376,837.305487874963,2979.187071498228,749.8035570353761,-3090.7513654203813,-1424.3227329821073,-1196.262584874104,-434.2745593649131,PL17_146uniflo-l10-s4-f4-c2-d1.png
511,12625.157034318081,-12348.285618644393,3159.127794029461,-16195.899187157953,757.5760370384434,-3740.9305105182434,1513.17537619078,1106.5646394256012,3454.0097106455046,2649.170277485488,5867.281985351778,291.3480418331151,1790.773467093572,1228.9801715643453,497.1634875570356,PL22_0183gumtob-l11.png
512,-13892.745892927114,-3009.096893306526,-6681.635299773744,1493.4572086480046,3418.1913647263186,1033.9576974394558,1753.7501316336015,1100.4284154023887,-134.80267466612136,441.77571205863217,994.0045954419395,-306.9969098600285,1476.249572844183,947.6831516496057,-107.9537747941328,PL22_0260nigboc-l1.png
513,22479.445770981158,-5403.89844516235,6153.865355255899,147.15134200005664,3940.6921072799555,4855.401063578623,279.02495046478253,-1843.7392341341704,-1178.429673229796,-2503.6827737487024,350.83145582914165,-1191.3031319459237,-186.46494477350197,1100.349965353706,2462.415690953582,PL17_092puebel-l1-s4-f4-c2-d1.png
514,13602.072226822906,-4639.944673444581,6182.79583803687,-12516.359267499958,-3120.9951268211407,438.16762495896,1022.4695713651033,-2495.625638366637,-345.0364249247037,-1223.8473087419825,5362.710838375315,1390.30440496547,2654.3052740881567,1315.0308443259019,441.3067790129777,PL22_0172gumtob-l14.png
515,-18362.92920899905,-8408.892586351973,-4514.044159591196,18116.971572566803,-13035.49505913685,1216.7763613208222,2949.2837329767203,-2774.145114373383,-3576.444806505104,1047.5874299694929,1326.3691987446487,-812.282436741804,582.3708109159035,-2376.433362116834,1164.0979221661328,PL17_119maybel-l1-s4-f4-c2-d1.png
516,-17702.868821120857,-728.3748457358829,-2931.9252253504333,-31.18063881070439,1981.1316636754766,-641.410235148766,-835.9037984335969,386.06360368630686,175.15319848989367,-430.2829047322871,489.33370897434503,105.04430588286517,1412.5910962435912,-345.11390953851844,1169.5913857923458,PL22_0028nigboc-l5.png
517,10236.176479454953,12631.339088599068,5514.822989332799,3739.1516846488003,-669.3908002290103,-1219.4526328791155,-3316.666285663933,980.4549747957005,-2531.0675072518816,-1570.1585031046766,1653.8452589177562,2489.715486665281,-2567.22771780941,681.9811612239907,1012.7073283539422,PL22_0055pueboc-l3.png
518,-22647.27416144387,-1816.739573341124,-2390.7333047106918,-2352.1844444854946,1517.5683704237374,-2208.0555560775015,698.5421266689268,664.0859260435668,-412.83746299316647,462.66575859241635,586.8579927956065,94.79099099837296,3.3727243672520673,258.2878988749519,1017.8259660037983,PL17_108nigbel-l1-s4-f4-c2-d1.png
519,-15510.60508310189,2483.3676382948274,1852.6028954756434,-4556.713504937399,-3378.6042457635913,2885.0145806567502,-1445.6970004033383,-581.035969191272,-35.71341839541018,1057.9383841715744,-960.6524754330638,-928.459633571781,-831.7559365333404,-995.6978034430929,485.8501267670735,PL22_0297abeboc-l1.png
520,-25820.24496848362,-658.7169507793816,-2347.3518168410783,-3086.8027459578566,2614.789990641836,-3453.294255443441,-196.63676278210676,-243.17315121858218,-423.78365862310915,212.99551863579185,-253.8269534839857,473.9058805249942,-285.93500915372186,-234.31001073790375,146.0658363483606,PL22_0512atlver-l4.png
521,-19626.271824614254,-4686.9369194308065,-3454.4875879407587,133.0149386223949,1435.509527110581,426.41030829453734,1011.625268670376,1039.325724918148,-785.6867869336851,-592.4812761449043,880.2790042048086,-397.86540305587795,-306.94172132536977,288.0419727875242,827.4797982184995,PL22_0093nigboc-l3.png
522,-21952.27246406722,-2334.151074952134,-3693.08097501721,755.8588746256703,1328.3700725062317,-1015.2713154023342,1376.619427451097,857.8664055370721,-1250.449680218873,-675.6873223200358,8.015802008153713,-615.6561619228663,140.69268560907807,309.42539421333476,2.3942072311549683,PL22_0085nigboc-l2.png
523,-15580.229497427797,-3626.659588858487,-3198.391872898806,2157.352397327187,561.2572767117898,3229.2936165587807,1488.7129279591084,2128.564078227681,-213.49198526022425,-673.6462620513751,418.77349614993653,-1033.6918320650734,167.57190572032596,179.6862138184643,518.6405631900503,PL22_0090nigboc-l5.png
524,-2204.599508550039,-3344.9828914608047,1923.2142944901557,-923.852092975203,1175.5382248554936,278.2149761997534,251.69215645553172,-455.53307877454046,-2434.193605098586,-918.2888143508947,280.1321718503574,1962.665892336506,243.87900677769204,-387.83373600355094,1017.9188912267076,PL22_0245pueboc-l4.png
525,-17189.13110308102,-2470.818401989126,-754.3311989154184,3053.031956898078,29.99756757037516,-61.20023875111778,-706.2398711541516,-1254.6393456795702,3607.9280476874187,-593.5491049576111,1650.3333885781472,687.6132252537591,-702.9692700481385,1610.7922708893518,-595.6793120165837,PL17_099indbel-l3-s4-f4-c2-d1.png
526,21136.879721155223,25803.252133464895,-4044.271645739249,-934.6131927612392,-2685.676365000361,-4581.735392227155,3804.093950037361,-2279.624157491494,1043.5000145927843,-984.0769782085906,-968.8838989986139,-799.9179144778205,-3216.810820920071,2272.3208373197517,-1053.757033499504,PL22_0501casver-l5.png
527,-15848.986598818914,-3670.0516966865175,-2835.3760801544704,-1280.7331483368996,1820.713786765934,462.7003608094524,18.73055238242334,1077.2191647062468,144.9764630676115,-608.8520065712434,324.3491174990114,-38.78495735827752,590.2312445959486,-707.3528506760533,544.9343681511444,PL22_0365niguvi-l6.png
528,4560.389624844207,-11292.089643919626,2967.4055988134646,10403.46560794061,-478.804134350079,6394.051699566435,-1834.1160967220144,-2359.7472717863166,5712.252489893749,2651.4211759752056,25.4330137468023,-692.164396190719,-2912.0028069924256,907.7419569619701,1075.301177883534,PL17_098indbel-l3-s4-f4-c2-d1.png
529,-5430.362854067432,-1629.1314307287287,3516.197828408462,1442.223950425243,5551.001285049615,3908.194744130069,-3004.471547162303,-1225.6496822637264,397.2880025025322,-165.69179650872076,2784.740343258671,1089.763565739924,-1886.2812217714845,-1097.987309499318,-2286.86374665245,PL22_0022pueboc-l9.png
530,17576.00946757559,13136.568591239622,2654.9612086981297,4803.013746429424,0.4084256468422394,-6441.412523274521,-3984.7600220928207,71.0786405905295,-655.450255794328,-573.0245364174078,2352.7028790897984,-976.926512521669,1126.1377401751408,-869.9271240132224,1445.7403392150102,PL22_0310pueuvi-l4.png
531,-6480.25269590886,-2592.077406522946,722.6334404024159,-831.6387013626369,-2052.7843877842574,1914.8271814588973,2697.992692464,2026.0715552532836,-1790.742702169009,-1891.5590498546665,-374.7381555963929,817.3528709303256,770.4903900250048,912.3205270333641,78.4310564780613,PL22_0431pueuvi-l2.png
532,-22538.589363419564,-917.7038353797701,3274.4183264257717,-3189.1180405602527,-4920.690455030227,1049.8621310519848,-1998.4529169455188,1062.8757986724909,575.5557400164221,822.5675184880824,-968.1020562886729,-1352.44967501595,-8.892610036674402,235.6205629537838,-947.6632413331998,PL22_0409chluvi-l10.png
533,-22751.33294479512,566.4772085649817,1433.914969997085,-1874.9397086745823,-3804.947421889413,1091.8370991965717,-1332.6342473352122,1279.4842099259838,1135.1598625820427,1129.6881253910358,-1011.2250912351126,-844.322967789062,328.50519099353227,-74.57203277559034,-264.12395328160005,PL22_0411chluvi-l6.png
534,-18467.12334618639,5731.5559833475445,-4109.307593479291,1814.72515839986,592.8553527580453,-1795.799519357254,1358.3519816313228,1972.9635037736216,1189.5093040053596,1323.0651148012807,-1249.3037491917273,-820.0361579437484,905.4210647030449,-292.8307995725886,-311.1718677706026,PL22_0081nigboc-l4.png
535,-13672.849398056844,-8040.263108878338,1920.2330129710103,4668.476321663712,-1445.3633523695428,1418.074531289989,1907.6970899306723,-99.63429981712089,896.1370084203998,145.63896938222544,-860.6360351952698,518.9850272088769,-391.67986117671705,45.661886082456725,1331.9718005447883,PL22_0436induvi-l2.png
536,-15887.011766915217,1051.929975130748,5419.7914131870175,-2292.0209146146103,-8266.020736952796,3745.8607566039996,-3663.6040583873832,4009.8932274593317,1104.1033364793898,1167.5596938209394,-1778.7577613880023,-1867.099558395854,812.6983174974797,763.8607613311876,-1028.0486262668594,PL22_0136chltob-l9.png
537,19560.64830804905,14637.273152263848,3774.7186413823247,3722.8956654387343,2246.2174667748764,-2182.7637814800023,-2209.9336519793796,-440.1216841235647,-922.0941364685243,-1548.5193767598591,1535.1866633585826,76.58281607561433,-2839.299111740885,-1590.2243051234188,1707.1847892803632,PL22_0316pueuvi-l9.png
538,-8840.503848062624,-5904.467731885921,4161.152086772888,-1433.9897231445957,-6147.845117163215,5207.969001944194,-3052.4382179016234,3779.7305726328636,1300.8399029429268,811.3390135737909,-626.4208676048373,-2925.108354709506,-741.1792909488936,-3.2348394525870434,-805.793703024291,PL22_0179chltob-l9.png
539,-24851.583055180465,-515.6834865974384,-1902.9691881241683,-2639.8362495429446,1969.5805768049142,-3701.34031994968,-594.9601159749328,-108.86583435037022,-385.96274847484534,433.8160210653986,-340.5777679924851,872.6203817641355,-102.7479786125505,-174.11146655545897,299.87420472495126,PL22_0520atlver-l2.png
540,-7236.815109242265,-3968.646452504154,942.4553078463708,1716.5356603559737,4635.113325253775,2253.0065873281706,675.2915719351925,-1003.614517270311,-1526.6734128953467,245.22187795017763,-564.1826417905297,-728.7054716804964,320.84378623929564,-373.33129122687325,-1760.669324566115,PL22_0114pueboc-l9.png
541,-9484.523937318432,5564.823837526055,-2120.761161033531,1221.502012877313,-1400.3310027064565,1525.3065037283964,-1365.5275809145794,1699.052655410861,-312.63311237733114,-641.8938351480284,-1416.6599104458674,-270.74236296846146,1024.1085767981053,-157.9505035575756,726.1688804878172,PL22_0052nigboc-l3.png
542,-11791.87938392716,-9383.886004500087,-751.9303960826437,-1598.0612670489209,-3150.2001749898923,4159.321271507816,2767.6998879105586,4507.262977728384,166.63933985594804,-1545.2279973711557,1366.278799776169,-2318.9543295730823,-1096.1653066035228,-234.24027928918733,1880.4274574490441,PL22_0078nigboc-l8.png
543,3948.1316812564096,11541.703790318896,4108.116808460937,2110.840793957314,978.1247595731592,909.6045945248848,495.16540328388976,1672.8583764132236,693.3353267956593,155.88314154045824,-550.9753636240854,2706.3807094835856,-2740.9319146687303,470.92309901677015,1209.4328271907773,PL22_0223pueboc-l6.png
544,2270.580182418309,-5904.208646590969,2769.108362472966,-747.5314148012961,4886.595347641785,3002.4921205447886,161.64415635445238,-2588.352459277733,-2168.932430393629,-2057.269768577569,-1209.992456000549,6.432289672199165,-402.90531206665065,1319.018022291561,900.3975680540774,PL22_0280pueboc-l5.png
545,23885.064476639633,-5207.062097053897,2208.4917560931467,-1282.503962258815,2220.7450540826694,2418.6591137667833,1169.9869485691106,-675.7049864565658,-1283.1821536907362,-1342.538905796813,1663.2977434615732,-2495.5860798948515,563.0894697489681,-2333.7639490181373,1632.3342703013304,PL17_129puebel-l2-s4-f4-c2-d1.png
546,12221.821440998354,-6420.160860111729,1846.4533450426798,952.4635431365468,233.06669470860757,4087.396397559735,-1785.0907655366502,-416.538275574112,-2024.6783065174654,-372.7571317942534,1217.5889049757768,-288.277313851131,415.41694839151603,-1097.2457956158244,2127.487149224957,PL22_0006pueboc-l9.png
547,3351.468189421824,-6259.822435199037,1009.8460288523132,-3675.8054085971107,-1715.1659012785633,1149.3403099712148,2705.726708508231,-2190.714335368259,2099.8201807940895,-4968.590576507544,1258.2285681192884,-322.8557684086482,-1434.1977978971154,329.7529951637087,-276.52623548444717,PL22_0507casver-l3.png
548,17379.04239345291,20551.390300894203,-4101.562769294104,-3896.9005397848296,-1533.7999520874764,-557.6646244169524,2179.0342470360783,-3629.823523280627,3796.915977500271,588.2764551706864,-1396.3261220709821,-1915.676291430875,-1672.9541786251793,-1107.14968774743,-229.54623681923647,PL22_0464casver-l5.png
549,-16065.596396704108,2898.477113358303,7176.051527881283,-2297.2774916020376,-11421.859234788386,5551.661103266345,-4288.778044778625,4118.915475546756,1758.0959888318948,1690.3017748194643,-2534.66921971674,-3701.710872974872,604.6249313380243,1012.3613157813697,-2224.491439908699,PL22_0180chltob-l7.png
550,23620.453319216766,14402.89159261418,-958.0688080397581,4444.021087842121,3755.2460043735414,2697.4079065256333,-1784.387701810893,700.5442686474063,1383.4499111513344,393.7841152410637,794.4953760935125,-1157.452755941785,661.6214795596558,-1902.8209871750284,-61.35254130259969,PL22_0345pueuvi-l1.png
551,-8312.072148866015,-6216.871674116904,5801.278830234873,11395.085650416624,-829.6664921308088,99.77818455018286,60.731431858526165,-3018.6699606252273,5419.352776828472,41.54084405557036,-1331.8171586268668,3151.1656694697544,-877.9233231423403,2535.76682972175,-556.0009163611717,PL22_0419induvi-l4.png
552,37294.762579246315,-18805.07822273352,-10514.736864135886,-4383.891131044714,-31.534921625762987,-5219.9890565267115,-407.68360864637543,2490.3566009583265,3124.9549725970714,1893.671267903018,-1418.811211254136,-2336.952920581073,-2646.603816598567,-3267.6897911443707,-253.03717793420358,PL17_151uniflo-l7-s4-f4-c2-d1.png
553,-21940.79553894898,-2368.4758519336965,-1848.560694311036,-1172.907633948609,1377.0756866215438,-1221.5053199401318,33.86844077600953,511.3252553935702,-655.9870019063313,-276.8316968902816,-356.4071071113245,481.4728523190997,790.0162600376663,-853.819404215895,1042.7318974461812,PL22_0334niguvi-l3.png
554,-19745.152673791577,-2256.8077548452634,-3564.904225198726,-1930.0398626384767,2591.4150316614055,-772.3344220297183,1551.2181296922115,932.7450920885778,192.70054935391045,-164.24797324587092,512.2769368612246,-403.8946098403075,364.11438560992997,-1.7981854411887972,-51.30959351323988,PL22_0346niguvi-l6.png
555,17571.134179167082,-9312.066013120682,4158.241619538427,6915.042484458423,4747.226401789441,-3314.090483845329,3510.0831984247116,-1172.1539129211621,-302.70141580512484,3424.9094876954896,-3017.8769214944996,-4127.4601963915775,894.4310269378932,1368.665325853221,298.115907449921,PL22_0146puetob-l1.png
556,30949.702465666953,-14152.010121395888,-1088.981767528386,-6132.739492075313,-4946.564208727945,-3289.672794937684,-678.0118181963757,2313.8789432461663,-889.7333269584816,-2202.0892217423166,-4883.396863604541,1121.2883168755704,381.6635038789083,171.6419796532561,-1758.534380713763,PL17_165uniflo-l5-s4-f4-c2-d1.png
557,-24736.118269448372,-2350.268467317001,-2332.907017325477,-2891.0021427457327,2279.491957134101,-2834.2302630991917,414.9496509655005,90.55914745517283,-801.6001639418838,-412.49778175665,105.28302767833654,103.90264409188673,-286.2976623415312,-29.646739282961445,188.21477841326052,PL22_0490atlver-l2.png
558,-7565.747521095335,-7129.883119158892,4112.708336649944,6745.829227432917,2830.1810652092518,2352.5314206656076,-1252.4940758681241,-2799.589254551995,6580.101324175783,103.51351524819549,-1877.2045836611915,-165.85222447028514,-2650.5396886043422,2467.8953438289946,1039.1849377015433,PL22_0427induvi-l5.png
559,-18529.183538258338,-4172.400857143045,-4017.8284290850247,796.5909339192864,1813.2655318030625,-760.9327904256294,828.1683243190303,582.5256096630034,-707.7452942186835,-31.584415882863762,581.7709472661234,-80.95780512976881,667.7928963322573,102.87197229002552,289.9481940028521,PL22_0096nigboc-l5.png
560,-21310.346657494505,-2867.393804723699,-3376.881712377392,-68.12791893357587,2134.650615473966,164.86904097849506,1065.8787441847076,667.2737295050446,-1208.0110823671612,-431.8672944924627,358.2485461062831,239.3421608778981,383.74260516279264,585.0392614699806,126.10970399244427,PL22_0269nigboc-l6.png
561,-18207.642890543204,-3548.4265268087433,-2938.0733192391435,159.18800108325513,1297.3080442666744,1034.0308299312564,678.700309926712,1292.6143084065197,-627.2684221085755,-132.69938181082574,536.6465795755901,-643.5056555206519,396.53624114244667,264.22107604518743,303.22734229642555,PL22_0094nigboc-l2.png
562,21741.739736740594,16658.87818170559,5267.892682542303,2328.069118599157,-406.16251485148337,-6397.1165378623955,-2791.7613626987527,-846.5025160269287,-2006.4299060684934,-619.9558518579516,2355.7843109366922,-2221.3234714715104,-1055.6793112225062,-18.369051662822834,2736.080653458609,PL22_0336pueuvi-l2.png
563,5391.153884966969,20231.247319260256,-6431.887820002337,1468.9729495674726,5704.632781996981,6158.7180255937365,5570.522492510615,1305.8566659334679,3814.6810416179255,4717.6430283539485,748.453768930902,2132.3180101726884,701.2822220262597,-3393.27787478141,-591.9742576029582,PL22_0104pueboc-l7.png
564,-5486.992210754896,-10002.10684963707,5960.258976026003,10381.427045614899,-1212.1424435798783,-5252.159747676666,6.819823108799724,-1480.1874110770423,1628.260423300234,421.5094848891754,-2293.3678529708222,3064.8376661380075,-23.768241951572932,-756.0431801961761,-1143.3239470933358,PL22_0434induvi-l4.png
565,-14222.568951192841,748.9868778063542,-4651.457083174602,-463.02424942988654,2324.6346140351798,207.03864911941292,1822.8310245686328,2423.991082060874,605.4480838750603,971.6664005166996,188.90486507623652,103.85689193475336,1983.9965757220687,550.7566009885354,913.3881374445706,PL22_0329niguvi-l3.png
566,-13577.477553346724,3303.646699961284,2094.7592304504224,-5520.851527798124,-3243.2589389966242,6275.208145501272,1809.5122159343478,-622.9077455596602,-499.10482952814954,502.8136436010302,-307.27689118754495,3791.021009153667,1467.622488518261,528.2004787057163,-2082.9756783946486,PL22_0400gutuvi-l2.png
567,15068.722217249664,13607.44604397311,2388.550023777349,6658.074957823722,4113.8481431222845,756.9267792741074,-658.6299970127002,1637.773009710604,1027.4107118034926,-1182.1323747720348,1502.401916711713,-501.61636044918913,-86.62873576101084,149.6224242404257,899.0963557439264,PL22_0324pueuvi-l2.png
568,12296.691909997824,-6944.373710195083,3707.6969017953393,-10159.8806949572,32.65700749626453,1121.1606967060893,-150.11497655433928,-1553.6556195823882,-211.17845960755136,858.7230174126355,2738.4827505743,913.0298799019151,1665.2932818525708,2272.4226831954206,-569.7992833581392,PL22_0163gumtob-l7.png
569,-27152.9756466084,-1346.2948805641386,-2602.005418154052,-2463.8209040335964,2552.920022061814,-3256.6393106320966,-75.02692488032606,-434.2793270830203,-727.5655028841614,-225.88289359610187,-292.9383926755423,169.3389682355046,-350.3779421459806,-90.09954794964116,-47.35238373057082,PL22_0492atlver-l5.png
570,15878.336102996993,-6037.3638673702,-328.86210779325813,-5777.22343695509,-4964.711698106959,-5323.787640835417,-1145.6160956881024,-4709.864092324811,3743.4484564173486,-3698.3941712275637,200.58997465407228,1150.882121372245,-323.66886033761216,-1090.3094950758891,-1028.0968854731875,PL22_0502casver-l5.png
